Instance,ENSG00000004779,ENSG00000046653,ENSG00000068079,ENSG00000069482,ENSG00000093010,ENSG00000106278,ENSG00000115457,ENSG00000121570,ENSG00000123975,ENSG00000124802,ENSG00000130203,ENSG00000131914,ENSG00000136943,ENSG00000141682,ENSG00000147145,ENSG00000154639,ENSG00000163191,ENSG00000163251,ENSG00000164045,ENSG00000166165,ENSG00000169231,ENSG00000173660,ENSG00000174442,ENSG00000178445,ENSG00000180543,ENSG00000187742,ENSG00000204531,ENSG00000233954,class
sample1,0.95943,0.884471,0.155093,0.921838,0.429569,0.881317,0.947862,0.860763,0.933703,0.852085,0.888476,0.953415,0.829455,0.933801,0.528069,0.950381,0.740866,0.902322,0.723592,0.839024,0.155815,0.970628,0.692041,0.871171,0.424403,0.522945,0.907943,0.970628,hESC
sample10,0.937252,0.899218,0.24542,0.910846,0.366565,0.819555,0.859938,0.88306,0.895594,0.812724,0.948589,0.962528,0.897937,0.922486,0.547399,0.932128,0.785661,0.924267,0.759083,0.850688,0.162968,0.962406,0.691208,0.870226,0.240188,0.441684,0.95842,0.962406,hESC
sample100,0.942266,0.025672,0.672557,0.005101,0.937863,0.079151,0.569061,0.061154,0.78969,0.857661,0.73189,0.03803,0.089677,0.743364,0.156663,0.219655,0.961418,0.356129,0.291002,0.113122,0.807206,0.977361,0.713139,0.0802,0.752967,0.605389,0.408408,0.975564,Fibroblast
sample101,0.942654,0.055597,0.698348,0.042183,0.942707,0.071857,0.602598,0.077428,0.791831,0.867033,0.739456,0.065665,0.113274,0.756224,0.149729,0.077033,0.961813,0.474129,0.144085,0.249786,0.801383,0.976357,0.723673,0.07259,0.746603,0.597962,0.409518,0.974757,Fibroblast
sample102,0.945354,0.028277,0.700426,0.026241,0.9388,0.116341,0.627974,0.094347,0.799178,0.855355,0.737162,0.039154,0.123715,0.748149,0.138521,0.195761,0.962502,0.422869,0.115598,0.285285,0.786065,0.978319,0.714338,0.072846,0.747677,0.611448,0.213939,0.976411,Fibroblast
sample103,0.933237,0.092358,0.76424,0.147421,0.95736,0.060505,0.621985,0.006347,0.844532,0.828693,0.460575,0.05133,0.093853,0.771566,0.165832,0.106703,0.951693,0.434572,0.252282,0.63611,0.762298,0.975903,0.71382,0.082118,0.727869,0.646402,0.465307,0.974516,Fibroblast
sample104,0.930439,0.097068,0.763693,0.082846,0.955349,0.091069,0.634678,0.082289,0.836142,0.821667,0.517921,0.065439,0.103165,0.755373,0.187769,0.086014,0.955838,0.351843,0.296703,0.615674,0.762648,0.974827,0.703552,0.032681,0.715144,0.648561,0.36669,0.971653,Fibroblast
sample105,0.9319,0.1019,0.769046,0.094616,0.952406,0.102498,0.654511,0.031921,0.838645,0.826361,0.421406,0.089919,0.143764,0.767613,0.153622,0.139772,0.954419,0.435763,0.261189,0.635562,0.769619,0.976167,0.712298,0.074394,0.718609,0.648591,0.221838,0.971863,Fibroblast
sample106,0.91328,0.071726,0.78182,0.072537,0.935345,0.113682,0.859053,0.041655,0.827493,0.831118,0.591519,0.096705,0.105693,0.627115,0.137038,0.121675,0.957429,0.444727,0.154568,0.609007,0.824321,0.979234,0.634002,0.040208,0.753553,0.62004,0.376668,0.976965,Fibroblast
sample107,0.922484,0.073134,0.786305,0.05582,0.934251,0.052873,0.859493,0.016357,0.854967,0.822639,0.633473,0.09318,0.122696,0.652799,0.132401,0.107044,0.951474,0.357887,0.191628,0.600537,0.839739,0.977812,0.667971,0.063268,0.754498,0.619984,0.339105,0.976747,Fibroblast
sample108,0.918405,0.06304,0.790486,0.075521,0.931693,0.106218,0.858956,0.008851,0.849266,0.808875,0.625207,0.049243,0.101055,0.664908,0.193366,0.205384,0.951674,0.430476,0.178774,0.630448,0.841849,0.979043,0.65674,0.05246,0.751801,0.639168,0.430624,0.977309,Fibroblast
sample109,0.977727,0.897535,0.514173,0.938928,0.76193,0.84098,0.919259,0.963472,0.984369,0.956656,0.979482,0.980279,0.940207,0.9105,0.557591,0.962445,0.774595,0.635367,0.797482,0.916603,0.447234,0.98772,0.916064,0.945056,0.590701,0.795983,0.995862,0.987247,hiPS
sample11,0.950368,0.855376,0.199104,0.943579,0.405551,0.812903,0.840666,0.849581,0.925846,0.862626,0.922975,0.966282,0.890506,0.947711,0.390679,0.92784,0.736921,0.907559,0.703124,0.846398,0.140807,0.965558,0.747644,0.842834,0.42739,0.469323,0.956776,0.965558,hESC
sample110,0.976339,0.90547,0.537013,0.944945,0.77648,0.843675,0.92573,0.968072,0.982218,0.958423,0.97356,0.980877,0.938384,0.874782,0.578789,0.957611,0.82343,0.617329,0.812522,0.907278,0.459307,0.98731,0.932122,0.934986,0.608076,0.788619,0.993859,0.98912,hiPS
sample111,0.97481,0.899495,0.485671,0.922959,0.766584,0.835417,0.871476,0.964962,0.982086,0.960354,0.97397,0.978875,0.943509,0.91284,0.577204,0.961486,0.767669,0.614046,0.809131,0.909907,0.495888,0.986288,0.916375,0.950031,0.611102,0.793121,0.993271,0.987711,hiPS
sample112,0.974223,0.87199,0.519204,0.958436,0.799909,0.763573,0.920702,0.953611,0.973673,0.944531,0.982909,0.986481,0.971862,0.819174,0.566568,0.972958,0.877728,0.6581,0.80217,0.9491,0.529524,0.987764,0.926252,0.935414,0.570264,0.782829,0.991368,0.988996,hiPS
sample113,0.973979,0.858385,0.504103,0.953487,0.791488,0.745462,0.897579,0.951821,0.977191,0.95099,0.981974,0.984838,0.973099,0.828003,0.573178,0.969877,0.884324,0.677599,0.821461,0.95579,0.551723,0.986747,0.926968,0.924108,0.567005,0.759788,0.994264,0.989616,hiPS
sample114,0.981908,0.864029,0.554933,0.954222,0.827532,0.719696,0.907882,0.948001,0.972217,0.945671,0.982023,0.981736,0.964236,0.872246,0.55904,0.957125,0.89061,0.614226,0.809725,0.950291,0.544026,0.987014,0.916276,0.909619,0.553886,0.786846,0.990701,0.988314,hiPS
sample115,0.982938,0.926823,0.584758,0.929007,0.715948,0.860168,0.914342,0.964335,0.983181,0.948269,0.980041,0.985012,0.942648,0.897169,0.591257,0.961396,0.746973,0.637014,0.861159,0.909025,0.420261,0.990175,0.924801,0.940453,0.623981,0.751536,0.989104,0.98829,hiPS
sample116,0.982399,0.93547,0.574638,0.933488,0.716724,0.8728,0.9028,0.963915,0.985659,0.957853,0.980728,0.984506,0.946493,0.908654,0.627914,0.964702,0.724995,0.619885,0.841339,0.898416,0.454146,0.988913,0.922574,0.939996,0.640478,0.746832,0.989846,0.987678,hiPS
sample117,0.980804,0.931378,0.592707,0.94268,0.736516,0.859531,0.916583,0.965431,0.983773,0.956079,0.979044,0.983176,0.945365,0.901224,0.622909,0.960066,0.771704,0.638189,0.847384,0.909499,0.399215,0.991968,0.920032,0.941422,0.645394,0.743504,0.989792,0.988191,hiPS
sample118,0.950488,0.178076,0.755512,0.202681,0.911282,0.102445,0.85598,0.027462,0.875481,0.84507,0.589788,0.006137,0.108333,0.548727,0.110648,0.223323,0.921261,0.365775,0.224009,0.487633,0.693407,0.977528,0.708183,0.006105,0.753549,0.565538,0.384689,0.978294,Fibroblast
sample119,0.948241,0.108627,0.76001,0.189118,0.914443,0.043974,0.845117,0.025786,0.88186,0.842333,0.555318,0.008733,0.150745,0.571275,0.101926,0.139942,0.920227,0.403079,0.214392,0.497457,0.703797,0.979167,0.710389,0.021513,0.759516,0.552122,0.277704,0.973873,Fibroblast
sample12,0.952103,0.7447,0.259964,0.893268,0.376973,0.772718,0.814193,0.842544,0.914008,0.854535,0.938528,0.965053,0.874063,0.933121,0.389013,0.920003,0.830623,0.895193,0.736895,0.853419,0.164045,0.965177,0.719105,0.859627,0.410176,0.429096,0.956524,0.965177,hESC
sample120,0.951063,0.114132,0.768607,0.160265,0.912591,0.05232,0.860472,0.073108,0.88114,0.863437,0.585861,0.028099,0.081623,0.588968,0.077595,0.156022,0.925965,0.222709,0.344788,0.494732,0.693657,0.981458,0.718038,0.049898,0.756751,0.570845,0.346896,0.975631,Fibroblast
sample121,0.9651,0.058954,0.628716,0.120098,0.912377,0.070379,0.132035,0.100454,0.938068,0.901621,0.447499,0.020931,0.418955,0.655861,0.082207,0.111714,0.933474,0.358695,0.630715,0.49438,0.669556,0.97895,0.826402,0.068091,0.776189,0.571502,0.322165,0.980022,Fibroblast
sample122,0.966718,0.054715,0.646127,0.238543,0.915064,0.04373,0.155029,0.024785,0.939777,0.896709,0.478341,0.084181,0.394173,0.689174,0.033371,0.077999,0.929546,0.374307,0.613696,0.500688,0.675396,0.981323,0.821668,0.051778,0.768473,0.567962,0.36863,0.978793,Fibroblast
sample123,0.963362,0.015489,0.650916,0.094527,0.913679,0.040849,0.166945,0.036384,0.934696,0.902678,0.483836,0.043829,0.270427,0.671325,0.059239,0.060645,0.933844,0.362153,0.614166,0.499533,0.644028,0.981938,0.831595,0.140206,0.775088,0.571648,0.425806,0.977176,Fibroblast
sample124,0.960935,0.02449,0.702022,0.68138,0.937895,0.097537,0.56188,0.243516,0.853794,0.858712,0.473368,0.033261,0.107474,0.717999,0.065142,0.112239,0.943333,0.331325,0.450747,0.684423,0.657984,0.970766,0.737481,0.025506,0.756354,0.561093,0.31141,0.976753,Fibroblast
sample125,0.960077,0.00567,0.709855,0.658832,0.936774,0.074893,0.513588,0.150093,0.840749,0.864748,0.446035,0.063107,0.237967,0.667089,0.063872,0.258818,0.945217,0.296218,0.463331,0.692791,0.63077,0.976764,0.726559,0.063747,0.739152,0.560524,0.218162,0.978255,Fibroblast
sample126,0.961021,0.003552,0.699697,0.651258,0.942827,0.031812,0.549467,0.187612,0.857147,0.855092,0.336322,0.019881,0.241611,0.670027,0.091024,0.059334,0.944193,0.329355,0.420361,0.647347,0.656562,0.977389,0.704273,0.029187,0.753581,0.525109,0.300102,0.981498,Fibroblast
sample127,0.97907,0.929703,0.513969,0.847662,0.737236,0.899174,0.934747,0.966231,0.982602,0.944283,0.980707,0.982848,0.944828,0.913608,0.590379,0.966692,0.780422,0.606003,0.835924,0.874284,0.397524,0.988072,0.916236,0.95058,0.507746,0.762009,0.987442,0.987883,hiPS
sample128,0.977804,0.929605,0.521482,0.85917,0.768617,0.904694,0.940489,0.964106,0.983278,0.941308,0.982657,0.983714,0.950903,0.924357,0.581492,0.96538,0.807826,0.625373,0.829258,0.880052,0.418171,0.988316,0.905716,0.948957,0.548098,0.750241,0.990116,0.988764,hiPS
sample129,0.975853,0.933181,0.478034,0.861881,0.724629,0.905247,0.948779,0.964016,0.982332,0.953586,0.983503,0.98406,0.949219,0.92663,0.577675,0.968918,0.784964,0.615984,0.846116,0.874971,0.393031,0.989519,0.901255,0.954253,0.517899,0.774519,0.991248,0.98793,hiPS
sample13,0.936421,0.900185,0.180475,0.851283,0.182152,0.861865,0.904412,0.79793,0.913282,0.828024,0.891394,0.963425,0.820947,0.784539,0.506819,0.955887,0.660633,0.823694,0.757729,0.879895,0.215725,0.957818,0.679725,0.827236,0.066241,0.471238,0.93436,0.957818,hESC
sample130,0.978175,0.937456,0.564232,0.857292,0.696742,0.879223,0.91603,0.976571,0.983845,0.950358,0.979129,0.984458,0.940753,0.92382,0.648741,0.966467,0.704162,0.67711,0.83211,0.929629,0.503563,0.989806,0.910757,0.927651,0.581975,0.778986,0.988925,0.989743,hiPS
sample131,0.981454,0.935707,0.538363,0.839191,0.714924,0.885568,0.905639,0.972441,0.983783,0.952443,0.981329,0.984416,0.939105,0.917822,0.618833,0.968675,0.682214,0.688203,0.821898,0.925273,0.453089,0.988393,0.910267,0.928172,0.609309,0.758322,0.987422,0.986714,hiPS
sample132,0.976665,0.938424,0.521978,0.832536,0.690761,0.895843,0.90242,0.974182,0.985479,0.954933,0.979052,0.982954,0.946364,0.925977,0.649789,0.964586,0.692713,0.642542,0.821198,0.920507,0.451316,0.988524,0.933192,0.925164,0.597578,0.774195,0.987483,0.988462,hiPS
sample133,0.980869,0.929274,0.515648,0.907226,0.738257,0.877986,0.950099,0.965201,0.98298,0.945725,0.977714,0.983041,0.943044,0.928963,0.635775,0.960433,0.805975,0.703218,0.825029,0.895273,0.407675,0.987647,0.908524,0.949828,0.627504,0.743065,0.986222,0.987834,hiPS
sample134,0.9793,0.93511,0.548164,0.911091,0.764793,0.858108,0.961772,0.968428,0.982718,0.952465,0.977111,0.984175,0.939884,0.917367,0.640851,0.966326,0.825505,0.665157,0.828098,0.900688,0.442035,0.987683,0.901228,0.940939,0.646904,0.741476,0.985397,0.989181,hiPS
sample135,0.978073,0.935425,0.550436,0.916489,0.738052,0.877753,0.941343,0.960385,0.977835,0.943585,0.980646,0.985094,0.947028,0.91325,0.64903,0.968264,0.820156,0.694706,0.843681,0.868279,0.495593,0.988332,0.925644,0.948706,0.64073,0.750286,0.987329,0.988458,hiPS
sample136,0.983418,0.931058,0.571618,0.945523,0.760264,0.845231,0.9399,0.962964,0.985201,0.9551,0.97822,0.9784,0.94536,0.911365,0.594856,0.974719,0.781576,0.611331,0.842078,0.901513,0.417595,0.989446,0.922315,0.930161,0.604677,0.722525,0.991215,0.98888,hiPS
sample137,0.980646,0.927994,0.559674,0.953029,0.743783,0.829731,0.926285,0.956033,0.984388,0.953934,0.972286,0.978556,0.947026,0.908355,0.589675,0.974859,0.782829,0.565167,0.813402,0.920405,0.460917,0.987179,0.920352,0.932612,0.606153,0.727909,0.98962,0.987755,hiPS
sample138,0.983605,0.93093,0.569032,0.953371,0.720586,0.822657,0.938613,0.957282,0.984166,0.952919,0.977398,0.977338,0.94659,0.901328,0.544836,0.974087,0.799729,0.589142,0.826405,0.909598,0.476752,0.99287,0.913224,0.929267,0.62282,0.711441,0.989159,0.989989,hiPS
sample14,0.958082,0.762487,0.248932,0.89868,0.342704,0.842364,0.871865,0.884802,0.93291,0.839662,0.95646,0.965731,0.898784,0.936771,0.458004,0.932251,0.738746,0.924619,0.684625,0.877798,0.19668,0.969585,0.716181,0.890117,0.35054,0.534454,0.959361,0.969585,hESC
sample15,0.946133,0.784581,0.207825,0.926659,0.40457,0.804821,0.833091,0.775861,0.918002,0.839002,0.939752,0.962207,0.899322,0.900319,0.378718,0.93808,0.725534,0.884118,0.739861,0.879701,0.162078,0.963222,0.744868,0.839411,0.168016,0.420629,0.954454,0.963222,hESC
sample16,0.934927,0.773722,0.133022,0.942108,0.353794,0.833058,0.846091,0.862,0.901106,0.814844,0.939444,0.958108,0.898309,0.89893,0.473182,0.944563,0.858751,0.922557,0.720362,0.876526,0.176096,0.964785,0.711265,0.892653,0.339987,0.452454,0.949862,0.964785,hESC
sample17,0.941023,0.718037,0.165957,0.907767,0.398073,0.749608,0.810521,0.821347,0.916537,0.857916,0.865858,0.957894,0.875926,0.797641,0.404414,0.931296,0.68799,0.800107,0.809624,0.88318,0.202586,0.964833,0.742844,0.829556,0.515672,0.425708,0.949248,0.964833,hESC
sample18,0.948648,0.752182,0.211677,0.91,0.228369,0.800618,0.870971,0.830914,0.902264,0.823397,0.846691,0.947763,0.672308,0.844489,0.427852,0.918673,0.865376,0.871957,0.68991,0.828559,0.241632,0.953652,0.641656,0.789683,0.412853,0.397721,0.877898,0.953652,hESC
sample19,0.952011,0.800269,0.222625,0.901349,0.376882,0.827244,0.847217,0.782524,0.937923,0.856679,0.829646,0.961692,0.822844,0.874209,0.512388,0.90885,0.698163,0.675801,0.709602,0.876442,0.205697,0.967908,0.682275,0.80834,0.010783,0.539684,0.935689,0.967908,hESC
sample197,0.921987,0.131151,0.59649,0.753725,0.825537,0.094863,0.468685,0.094863,0.958248,0.785796,0.478997,0.251706,0.316196,0.732874,0.017592,0.032748,0.948058,0.343466,0.553781,0.730013,0.65822,0.979675,0.725062,0.33577,0.794498,0.484821,0.576097,0.972719,Fibroblast
sample198,0.912668,0.529921,0.74088,0.274398,0.868282,0.06668,0.953659,0.159924,0.912797,0.781977,0.584867,0.16577,0.364921,0.672707,0.216778,0.084736,0.958804,0.32803,0.482149,0.673272,0.681451,0.975157,0.591224,0.302532,0.823968,0.47532,0.440943,0.968445,Fibroblast
sample199,0.923734,0.382539,0.769266,0.266438,0.876915,0.232841,0.957436,0.103861,0.912532,0.802448,0.629536,0.155015,0.396736,0.682353,0.081748,0.070285,0.965081,0.420956,0.558315,0.768604,0.700848,0.980275,0.663086,0.309583,0.82063,0.551455,0.61942,0.973118,Fibroblast
sample2,0.954611,0.7467,0.244248,0.823751,0.402887,0.820953,0.819701,0.857332,0.939212,0.865378,0.930911,0.967354,0.876162,0.936393,0.460741,0.931802,0.604006,0.9225,0.72332,0.877494,0.146027,0.968576,0.790121,0.847677,0.265778,0.507499,0.955429,0.968576,hESC
sample20,0.947698,0.644041,0.148476,0.56129,0.17731,0.805589,0.912431,0.71197,0.944515,0.825367,0.818323,0.957052,0.751158,0.859732,0.571911,0.965315,0.70264,0.854378,0.6832,0.780464,0.266433,0.957471,0.585755,0.841219,0.002647,0.603995,0.770312,0.957471,hESC
sample200,0.954537,0.925062,0.546007,0.968163,0.681369,0.898959,0.952589,0.932962,0.957265,0.835143,0.996264,0.926728,0.931436,0.939112,0.541639,0.801589,0.830968,0.852905,0.819898,0.874126,0.59709,0.990429,0.751332,0.874052,0.487574,0.71725,0.998818,0.985806,hiPS
sample201,0.96005,0.930544,0.548821,0.971975,0.665221,0.863732,0.954465,0.945183,0.953759,0.887402,0.99414,0.93133,0.960857,0.907032,0.497793,0.829946,0.785752,0.880987,0.825566,0.894177,0.770511,0.989248,0.76143,0.881853,0.629967,0.716671,0.998077,0.987364,hiPS
sample202,0.958905,0.918164,0.552414,0.95672,0.726863,0.841385,0.965398,0.92547,0.951044,0.863328,0.992065,0.919196,0.96145,0.907884,0.488703,0.815421,0.933633,0.881287,0.821596,0.862241,0.791045,0.988437,0.732342,0.879207,0.645755,0.680509,0.997333,0.98447,hiPS
sample203,0.960777,0.89907,0.527528,0.973286,0.638005,0.834808,0.954448,0.942587,0.959655,0.873573,0.995572,0.934385,0.947084,0.900921,0.542726,0.811571,0.788382,0.860422,0.817566,0.906511,0.74598,0.99242,0.755227,0.878337,0.744738,0.709182,0.998543,0.988752,hESC
sample204,0.959108,0.93539,0.528378,0.969644,0.676847,0.880926,0.957701,0.940856,0.957191,0.867734,0.996726,0.926972,0.949249,0.907544,0.537169,0.832128,0.834026,0.870007,0.818438,0.891004,0.732573,0.991221,0.75667,0.890633,0.671084,0.715258,0.998917,0.987648,hESC
sample205,0.959824,0.880879,0.530716,0.965838,0.689029,0.858943,0.955866,0.941772,0.954726,0.871439,0.996828,0.938243,0.959953,0.920989,0.484004,0.823439,0.863789,0.861791,0.804546,0.904197,0.686166,0.991617,0.747372,0.90975,0.740504,0.703038,0.997764,0.987267,hESC
sample21,0.953869,0.809795,0.233351,0.963443,0.52171,0.747058,0.858918,0.816399,0.932997,0.866875,0.94439,0.966575,0.856454,0.922686,0.487203,0.885476,0.846885,0.772058,0.776056,0.900316,0.192917,0.970643,0.516904,0.806414,0.037164,0.484957,0.958627,0.970643,hiPS
sample22,0.93148,0.879858,0.111079,0.657108,0.48994,0.822637,0.948032,0.55673,0.914057,0.787444,0.864152,0.922551,0.779717,0.757605,0.444062,0.902134,0.852124,0.54728,0.528779,0.89131,0.326105,0.955299,0.610035,0.6177,0.400811,0.471985,0.75978,0.955299,hiPS
sample23,0.960585,0.777198,0.218909,0.965762,0.514401,0.726125,0.845799,0.832719,0.93114,0.839335,0.889143,0.96415,0.878565,0.899569,0.313852,0.91576,0.830224,0.888173,0.82092,0.86941,0.176862,0.968883,0.688999,0.797437,0.199641,0.407968,0.932876,0.968883,hiPS
sample237,0.961467,0.866195,0.271394,0.961517,0.676711,0.920592,0.948211,0.984536,0.978377,0.919283,0.944009,0.993738,0.834378,0.979286,0.523813,0.978911,0.905142,0.887677,0.717378,0.864893,0.239636,0.982354,0.906652,0.919143,0.70805,0.843669,0.969136,0.982354,hiPS
sample238,0.864705,0.909156,0.182047,0.823067,0.537959,0.949674,0.834607,0.995204,0.94235,0.852167,0.826486,0.994881,0.760656,0.985594,0.52456,0.990035,0.649068,0.931736,0.71612,0.763921,0.265471,0.92883,0.948107,0.957145,0.77488,0.767979,0.934234,0.92883,hiPS
sample239,0.962519,0.889457,0.25673,0.983966,0.675632,0.924772,0.925392,0.983413,0.976624,0.917754,0.946875,0.99355,0.872975,0.976892,0.521366,0.978453,0.878536,0.892357,0.714592,0.87809,0.243224,0.983358,0.915026,0.930615,0.708249,0.830556,0.970837,0.983358,hiPS
sample24,0.955477,0.799324,0.177031,0.910386,0.448222,0.769096,0.840241,0.816719,0.929595,0.853613,0.881354,0.965744,0.754242,0.889788,0.394972,0.915699,0.660096,0.779746,0.812958,0.864992,0.178225,0.9665,0.72439,0.844228,0.149088,0.448153,0.95039,0.9665,hiPS
sample240,0.918978,0.067494,0.581961,0.306493,0.918931,0.052681,0.478481,0.041828,0.919121,0.788637,0.291886,0.050306,0.351137,0.712212,0.25561,0.230699,0.971678,0.291915,0.354914,0.583652,0.222625,0.959623,0.777684,0.217746,0.80091,0.635014,0.319533,0.959623,Fibroblast
sample241,0.891906,0.167844,0.532247,0.208234,0.908173,0.038044,0.355296,0.082893,0.879703,0.712167,0.262515,0.108838,0.27593,0.574835,0.197982,0.203045,0.959283,0.28287,0.365967,0.563837,0.201689,0.943181,0.761393,0.144341,0.725745,0.607568,0.316709,0.943181,Fibroblast
sample242,0.923114,0.922701,0.040201,0.909054,0.467546,0.956711,0.906127,0.992743,0.960829,0.870394,0.855826,0.995175,0.800327,0.975269,0.527236,0.987208,0.830912,0.956857,0.790902,0.793888,0.339903,0.970037,0.949552,0.961963,0.576142,0.821487,0.953892,0.970037,hESC
sample243,0.958156,0.919943,0.223311,0.96085,0.614081,0.917351,0.981553,0.986445,0.979786,0.923693,0.910978,0.993467,0.821686,0.987083,0.460511,0.982597,0.918214,0.920719,0.727992,0.844898,0.265343,0.980772,0.901462,0.928664,0.374357,0.843321,0.971855,0.980772,hESC
sample244,0.963214,0.888982,0.299211,0.965743,0.747948,0.922566,0.967739,0.984117,0.973649,0.919006,0.926331,0.993968,0.861867,0.981015,0.488866,0.979298,0.925456,0.939497,0.70529,0.85752,0.313826,0.981957,0.901975,0.919643,0.224723,0.842731,0.971008,0.981957,hESC
sample245,0.967009,0.879,0.167672,0.974732,0.503469,0.918154,0.953541,0.984092,0.971891,0.913122,0.895839,0.993705,0.743189,0.9798,0.499567,0.977921,0.928347,0.94691,0.720794,0.823416,0.274748,0.983381,0.907114,0.917453,0.367314,0.782695,0.967885,0.983381,hESC
sample246,0.962297,0.851371,0.247141,0.976993,0.513386,0.905752,0.940083,0.986569,0.971674,0.924842,0.954202,0.993553,0.879593,0.985666,0.512086,0.980434,0.89628,0.949183,0.75912,0.898122,0.290934,0.98361,0.905044,0.9274,0.150417,0.808377,0.970971,0.98361,hESC
sample247,0.882931,0.240417,0.507502,0.369041,0.922117,0.015532,0.565916,0.19885,0.784873,0.777863,0.206822,0.01609,0.349007,0.508002,0.11991,0.229744,0.964937,0.354437,0.127975,0.627002,0.512467,0.958994,0.645424,0.124004,0.776509,0.61436,0.320483,0.958994,Fibroblast
sample248,0.86996,0.350781,0.482907,0.464422,0.926199,0.122148,0.656827,0.021279,0.6923,0.773399,0.229767,0.059492,0.329747,0.574339,0.291143,0.107507,0.965922,0.362876,0.200096,0.568011,0.566463,0.957847,0.624131,0.125808,0.791054,0.580828,0.391915,0.957847,Fibroblast
sample249,0.950313,0.869515,0.147184,0.528622,0.323801,0.955819,0.972578,0.954782,0.972682,0.90214,0.850674,0.99164,0.904441,0.902861,0.59,0.987514,0.532455,0.974499,0.638886,0.909563,0.376657,0.98241,0.825421,0.826373,0.010031,0.874733,0.891398,0.98241,hESC
sample25,0.95904,0.777804,0.225082,0.840538,0.448802,0.728904,0.844446,0.806356,0.948553,0.889018,0.865052,0.964425,0.815969,0.919778,0.504284,0.940492,0.573462,0.823078,0.78906,0.847547,0.184443,0.973108,0.769045,0.634012,0.239004,0.526709,0.940734,0.973108,hiPS
sample250,0.960234,0.897599,0.219848,0.675843,0.300225,0.95526,0.972703,0.962821,0.969785,0.915479,0.849327,0.99113,0.918954,0.939655,0.535547,0.986833,0.597906,0.939039,0.684299,0.928284,0.348438,0.984535,0.85105,0.839424,0.144209,0.88398,0.953989,0.984535,hESC
sample251,0.962611,0.908026,0.224247,0.884385,0.522856,0.943909,0.957745,0.972827,0.965562,0.932558,0.8885,0.992232,0.923272,0.927971,0.600344,0.987695,0.611569,0.965458,0.778967,0.89127,0.302996,0.985215,0.866335,0.828548,0.125314,0.833595,0.962817,0.985215,hESC
sample252,0.96675,0.895997,0.20806,0.854036,0.490273,0.961712,0.966025,0.974888,0.965302,0.923297,0.896406,0.993367,0.932602,0.933276,0.564414,0.984346,0.591412,0.971974,0.753222,0.920886,0.325527,0.98686,0.886614,0.827532,0.090698,0.843007,0.968672,0.98686,hESC
sample253,0.967234,0.898347,0.244834,0.849929,0.499646,0.961955,0.964077,0.973384,0.968054,0.923623,0.888304,0.992475,0.92987,0.928454,0.603699,0.985094,0.590251,0.970318,0.773623,0.922689,0.297567,0.98581,0.891591,0.833757,0.086516,0.866614,0.969751,0.98581,hESC
sample254,0.961599,0.913451,0.231064,0.709439,0.365339,0.951314,0.965105,0.967715,0.964902,0.919056,0.916178,0.995362,0.926873,0.959983,0.600428,0.985088,0.557915,0.981274,0.772611,0.881018,0.369076,0.983608,0.850888,0.824692,0.117238,0.838141,0.957224,0.983608,hESC
sample255,0.962504,0.918205,0.220088,0.724004,0.382439,0.946058,0.946489,0.969986,0.976132,0.929821,0.919166,0.995185,0.921504,0.973863,0.590442,0.982307,0.630999,0.977377,0.697331,0.896303,0.374191,0.986059,0.866871,0.809267,0.103589,0.841128,0.961659,0.986059,hESC
sample256,0.964253,0.882254,0.241484,0.939833,0.444428,0.957358,0.897863,0.974133,0.970129,0.930166,0.872765,0.990598,0.916764,0.9628,0.564146,0.982772,0.853641,0.962232,0.646577,0.887178,0.280243,0.985627,0.887087,0.895658,0.092889,0.814168,0.97814,0.985627,hESC
sample257,0.966346,0.876718,0.212177,0.936602,0.46207,0.961005,0.885947,0.974828,0.970503,0.93338,0.854512,0.989289,0.913151,0.959156,0.580182,0.984421,0.839901,0.957165,0.647558,0.879904,0.26411,0.986161,0.89103,0.891941,0.090229,0.825894,0.973538,0.986161,hESC
sample258,0.965121,0.921635,0.247301,0.74238,0.63516,0.947932,0.973604,0.971477,0.970702,0.918259,0.936906,0.995723,0.94468,0.970496,0.565884,0.984522,0.571427,0.974125,0.71767,0.905243,0.38525,0.983977,0.84063,0.793803,0.603708,0.822577,0.959573,0.983977,hESC
sample259,0.957269,0.930098,0.243656,0.697609,0.633968,0.965173,0.968393,0.966345,0.968034,0.915413,0.931752,0.994408,0.934267,0.964462,0.585644,0.981842,0.599945,0.970456,0.677836,0.903812,0.374189,0.983845,0.869066,0.80844,0.614696,0.849163,0.962437,0.983845,hESC
sample26,0.940006,0.857363,0.207989,0.918706,0.47097,0.799105,0.85019,0.807016,0.910579,0.848581,0.918374,0.96291,0.844672,0.926391,0.450287,0.9309,0.716096,0.864397,0.77522,0.870767,0.164278,0.961822,0.770574,0.776804,0.067525,0.431918,0.953591,0.961822,hiPS
sample260,0.958645,0.910354,0.243223,0.620794,0.634815,0.955651,0.972429,0.964948,0.968874,0.922536,0.914831,0.995147,0.937485,0.941835,0.606851,0.986316,0.569765,0.970495,0.793027,0.899532,0.395938,0.984273,0.828259,0.820754,0.651439,0.844157,0.946557,0.984273,hESC
sample261,0.959177,0.889035,0.211013,0.634534,0.614191,0.959374,0.973315,0.960116,0.972956,0.905889,0.926872,0.993789,0.928726,0.946159,0.597318,0.981665,0.569085,0.971727,0.675646,0.920063,0.392202,0.984343,0.850439,0.83691,0.672473,0.849139,0.95354,0.984343,hESC
sample262,0.960703,0.896348,0.231482,0.822514,0.501505,0.964378,0.9741,0.975206,0.97576,0.916017,0.924234,0.995294,0.914819,0.972601,0.627297,0.983395,0.671479,0.976265,0.688501,0.911986,0.370004,0.985644,0.832841,0.832399,0.368753,0.86428,0.959838,0.985644,hESC
sample263,0.960022,0.90565,0.276287,0.796776,0.510576,0.962568,0.971826,0.965793,0.970333,0.924176,0.93645,0.994242,0.925336,0.944855,0.587043,0.980373,0.703288,0.981391,0.65118,0.89109,0.354699,0.985072,0.866994,0.782588,0.23779,0.835309,0.953012,0.985072,hESC
sample264,0.964413,0.916943,0.222596,0.767223,0.527914,0.951356,0.973443,0.971225,0.973654,0.926105,0.927296,0.993567,0.931506,0.973973,0.526939,0.981345,0.674319,0.970122,0.670604,0.900032,0.353634,0.984874,0.871408,0.826221,0.648716,0.837461,0.966839,0.984874,hESC
sample265,0.967571,0.915374,0.211152,0.705339,0.516275,0.937686,0.972385,0.971552,0.972698,0.919511,0.925934,0.996011,0.935239,0.974479,0.558764,0.984339,0.649171,0.966287,0.737188,0.891362,0.334664,0.984119,0.839173,0.758107,0.083073,0.820862,0.961753,0.984119,hESC
sample266,0.96615,0.882342,0.242457,0.779512,0.569401,0.95729,0.954413,0.971246,0.974484,0.923141,0.905944,0.991693,0.922351,0.970934,0.597312,0.984599,0.663757,0.961593,0.630071,0.910573,0.32276,0.985095,0.875723,0.820001,0.677274,0.844458,0.96902,0.985095,hiPS
sample267,0.961925,0.883121,0.246542,0.781154,0.622339,0.966517,0.966205,0.969078,0.967821,0.918248,0.855465,0.990991,0.895389,0.959728,0.622885,0.984128,0.597887,0.959269,0.751024,0.919899,0.326386,0.984629,0.878434,0.849116,0.690848,0.841187,0.972775,0.984629,hiPS
sample268,0.959623,0.876563,0.255538,0.923383,0.636231,0.966392,0.930163,0.975378,0.972694,0.934238,0.856005,0.991781,0.892194,0.964338,0.60091,0.984019,0.795192,0.938721,0.688554,0.896797,0.33261,0.986444,0.875526,0.862621,0.684543,0.841074,0.975482,0.986444,hiPS
sample269,0.963878,0.864398,0.27842,0.798805,0.654656,0.956761,0.92121,0.974637,0.97384,0.927729,0.889872,0.990552,0.907378,0.968786,0.620774,0.98384,0.670667,0.960507,0.662469,0.912308,0.318686,0.983395,0.881142,0.852106,0.687714,0.869013,0.975384,0.983395,hiPS
sample27,0.939575,0.881351,0.208807,0.90419,0.434433,0.836991,0.850718,0.8404,0.924276,0.857974,0.853266,0.960854,0.799084,0.938527,0.517201,0.93655,0.732,0.819368,0.769956,0.867179,0.125203,0.963946,0.731007,0.837492,0.204449,0.491624,0.952112,0.963946,hiPS
sample270,0.956817,0.853569,0.249766,0.754724,0.571144,0.969157,0.938928,0.979973,0.980612,0.932205,0.902461,0.993524,0.935909,0.956276,0.635484,0.98563,0.604131,0.970893,0.635182,0.89557,0.293908,0.984648,0.871357,0.85757,0.656282,0.880371,0.969973,0.984648,hiPS
sample271,0.961354,0.888016,0.282055,0.691802,0.573418,0.966479,0.964745,0.966428,0.973203,0.929716,0.885083,0.992512,0.914092,0.947013,0.623331,0.985043,0.570366,0.978756,0.69925,0.901367,0.329623,0.985869,0.880175,0.815843,0.672509,0.83707,0.958941,0.985869,hiPS
sample272,0.964439,0.934491,0.241235,0.765881,0.590719,0.958346,0.959797,0.963677,0.968016,0.932637,0.872412,0.993691,0.93635,0.918609,0.654681,0.985552,0.607609,0.969508,0.695497,0.899516,0.344017,0.984839,0.889997,0.745655,0.586751,0.848393,0.959146,0.984839,hiPS
sample273,0.969803,0.922738,0.206524,0.746327,0.611956,0.924254,0.952765,0.965823,0.960888,0.924842,0.879778,0.992359,0.940131,0.93797,0.63281,0.986485,0.615206,0.974829,0.736855,0.898401,0.338979,0.982623,0.869525,0.733288,0.643564,0.833614,0.967807,0.982623,hiPS
sample274,0.960453,0.85318,0.181198,0.852706,0.59519,0.964463,0.956028,0.97613,0.973123,0.922498,0.905913,0.99009,0.934894,0.971316,0.673567,0.987035,0.620253,0.966954,0.61968,0.900125,0.291717,0.98315,0.868413,0.816538,0.713399,0.8455,0.973817,0.98315,hiPS
sample275,0.958671,0.850727,0.140217,0.791491,0.5866,0.968074,0.94983,0.975416,0.975041,0.921332,0.906639,0.992391,0.930501,0.975148,0.696044,0.987841,0.571132,0.971538,0.649523,0.897331,0.310122,0.983414,0.870481,0.805306,0.700262,0.84948,0.968492,0.983414,hiPS
sample276,0.962553,0.849822,0.208484,0.775086,0.589581,0.959487,0.951132,0.97405,0.97264,0.93265,0.924542,0.98974,0.932113,0.97237,0.658501,0.986581,0.611086,0.972099,0.623392,0.894753,0.302293,0.983718,0.87936,0.815555,0.696445,0.836657,0.974649,0.983718,hiPS
sample277,0.952857,0.870927,0.183894,0.696942,0.61551,0.969022,0.971376,0.972044,0.974891,0.921648,0.936964,0.995318,0.933557,0.966734,0.689691,0.985512,0.622672,0.980943,0.651209,0.906714,0.360049,0.98319,0.858528,0.789011,0.735353,0.858273,0.964764,0.98319,hiPS
sample278,0.963705,0.858154,0.178097,0.787385,0.582254,0.963552,0.95055,0.974959,0.969923,0.929775,0.904976,0.991364,0.933294,0.96744,0.658549,0.987393,0.574921,0.970027,0.675955,0.915441,0.31102,0.985059,0.894184,0.81664,0.685815,0.848765,0.971382,0.985059,hiPS
sample279,0.963357,0.839172,0.195904,0.818622,0.591126,0.961066,0.947131,0.975451,0.969968,0.929658,0.906249,0.992426,0.932812,0.968094,0.675269,0.987741,0.597096,0.969811,0.663146,0.907764,0.306371,0.985948,0.890302,0.815937,0.699132,0.834626,0.97002,0.985948,hiPS
sample28,0.944756,0.848457,0.190325,0.960268,0.490042,0.825104,0.887933,0.859268,0.916417,0.841623,0.894137,0.959789,0.732133,0.932545,0.479542,0.930403,0.885319,0.819797,0.7355,0.87085,0.175566,0.968554,0.74244,0.864934,0.113287,0.433414,0.962193,0.968554,hiPS
sample280,0.963847,0.818641,0.203839,0.71656,0.608224,0.95634,0.959026,0.977486,0.976427,0.915991,0.936867,0.994188,0.944687,0.97738,0.646277,0.984435,0.548686,0.9749,0.638621,0.930479,0.347635,0.984544,0.856857,0.788967,0.712283,0.858046,0.961882,0.984544,hiPS
sample281,0.963467,0.811196,0.212016,0.77735,0.568614,0.954325,0.955509,0.973846,0.970383,0.927895,0.91046,0.990149,0.934184,0.970922,0.618897,0.985908,0.55527,0.965312,0.662738,0.911696,0.336296,0.986597,0.886645,0.813731,0.689761,0.83527,0.970275,0.986597,hiPS
sample282,0.969375,0.867523,0.099341,0.796114,0.594991,0.942564,0.965276,0.971445,0.962548,0.92336,0.910747,0.991973,0.952569,0.944958,0.655321,0.988323,0.622889,0.966403,0.780182,0.860919,0.271436,0.981878,0.859398,0.721638,0.641272,0.813767,0.967696,0.981878,hiPS
sample283,0.948218,0.884035,0.204789,0.691674,0.600298,0.973948,0.966911,0.973645,0.974404,0.91843,0.936561,0.992741,0.931869,0.931365,0.67992,0.983371,0.597625,0.9829,0.734099,0.888143,0.355968,0.985006,0.873227,0.776831,0.739437,0.841833,0.956593,0.985006,hiPS
sample284,0.967838,0.875562,0.228741,0.808061,0.53625,0.930394,0.956401,0.975608,0.963892,0.928063,0.883344,0.990952,0.94692,0.947774,0.684038,0.986785,0.583828,0.957118,0.810767,0.932832,0.31892,0.985477,0.894042,0.782566,0.677788,0.84617,0.970761,0.985477,hiPS
sample285,0.956697,0.845296,0.218431,0.738299,0.559571,0.962879,0.960974,0.970242,0.974224,0.921507,0.932536,0.994305,0.936416,0.945998,0.67803,0.982798,0.565721,0.981563,0.683982,0.904643,0.332343,0.985893,0.882375,0.782368,0.701269,0.846894,0.958582,0.985893,hiPS
sample286,0.795719,0.415373,0.726108,0.492832,0.872611,0.11554,0.795966,0.208044,0.750484,0.463315,0.813731,0.29249,0.297136,0.415906,0.394358,0.16129,0.94503,0.412876,0.48289,0.602387,0.637221,0.886236,0.740136,0.767636,0.777228,0.540739,0.630522,0.886236,Fibroblast
sample287,0.750529,0.559898,0.734045,0.522575,0.882396,0.085388,0.767329,0.23875,0.748403,0.309834,0.815923,0.204032,0.209789,0.351624,0.410868,0.133331,0.942992,0.523629,0.336282,0.587179,0.621574,0.878043,0.690628,0.709437,0.768105,0.663637,0.648451,0.878043,Fibroblast
sample288,0.765688,0.427983,0.724723,0.554872,0.858479,0.167413,0.736366,0.263292,0.7767,0.398079,0.746633,0.281296,0.261948,0.285386,0.319993,0.276365,0.948449,0.577588,0.37976,0.565309,0.630325,0.879014,0.735328,0.747513,0.794157,0.566392,0.635703,0.879014,Fibroblast
sample289,0.835472,0.887261,0.50321,0.82539,0.641831,0.92438,0.819857,0.956645,0.880851,0.717629,0.840763,0.978786,0.905947,0.755014,0.761783,0.945918,0.700322,0.829877,0.746599,0.801564,0.49262,0.93413,0.87261,0.90453,0.681497,0.828725,0.962605,0.93413,hiPS
sample29,0.939482,0.891865,0.23037,0.929992,0.404737,0.811844,0.830429,0.831554,0.913414,0.828693,0.8693,0.955558,0.843725,0.881539,0.482916,0.936542,0.795737,0.865955,0.778697,0.872879,0.086218,0.961399,0.694138,0.836688,0.003237,0.481895,0.936786,0.961399,hiPS
sample290,0.821911,0.890401,0.43053,0.823013,0.61012,0.925147,0.817183,0.954864,0.887819,0.639384,0.820736,0.979732,0.90319,0.749731,0.769383,0.951577,0.733332,0.833409,0.747675,0.800691,0.46376,0.931475,0.881931,0.902653,0.663156,0.814664,0.964884,0.931475,hiPS
sample291,0.838433,0.871818,0.452437,0.838813,0.604302,0.930374,0.817156,0.954378,0.884068,0.70382,0.813111,0.979951,0.905752,0.747576,0.769819,0.949296,0.706705,0.836193,0.74528,0.786667,0.481948,0.935996,0.877037,0.903744,0.685544,0.82721,0.9668,0.935996,hiPS
sample292,0.817809,0.890164,0.445398,0.61024,0.653391,0.944529,0.870593,0.954751,0.899196,0.613419,0.82058,0.978854,0.890986,0.740275,0.795499,0.945455,0.645925,0.770012,0.725447,0.780674,0.522349,0.932936,0.868367,0.916492,0.725482,0.814224,0.963515,0.932936,hiPS
sample293,0.829557,0.895367,0.435065,0.609629,0.630338,0.940649,0.875328,0.951665,0.895045,0.690533,0.841368,0.978803,0.887557,0.734756,0.80202,0.944354,0.630431,0.780937,0.733923,0.769137,0.554574,0.930525,0.858657,0.914339,0.747946,0.821083,0.961778,0.930525,hiPS
sample294,0.832898,0.875326,0.418718,0.660368,0.650538,0.940241,0.867362,0.950742,0.896506,0.657267,0.827403,0.978407,0.890329,0.765232,0.772276,0.941044,0.608122,0.796971,0.727752,0.755628,0.486188,0.929272,0.861295,0.910332,0.740674,0.830481,0.960878,0.929272,hiPS
sample295,0.73237,0.358224,0.795849,0.363348,0.880559,0.163928,0.724214,0.178842,0.731313,0.378849,0.74093,0.220646,0.358141,0.488841,0.266762,0.083282,0.942131,0.454252,0.401396,0.494061,0.731381,0.884281,0.525643,0.675696,0.702196,0.691453,0.619243,0.884281,Fibroblast
sample296,0.710278,0.421831,0.794861,0.405091,0.899952,0.140046,0.726859,0.281842,0.689296,0.465614,0.731961,0.280318,0.283051,0.416906,0.405425,0.179792,0.943145,0.501671,0.21989,0.507484,0.756635,0.887587,0.526222,0.637273,0.713864,0.621801,0.537438,0.887587,Fibroblast
sample297,0.719768,0.213751,0.79113,0.477305,0.899153,0.212432,0.737863,0.394023,0.767293,0.287285,0.777929,0.374363,0.364343,0.468597,0.347618,0.114577,0.944186,0.452345,0.409135,0.408683,0.692031,0.889002,0.476375,0.744176,0.691054,0.634881,0.549567,0.889002,Fibroblast
sample298,0.835439,0.904679,0.440636,0.815486,0.66345,0.89552,0.833444,0.954553,0.910947,0.688118,0.885172,0.980129,0.914031,0.77085,0.752117,0.933213,0.711444,0.834256,0.754805,0.822084,0.324747,0.934059,0.888532,0.918033,0.61775,0.756339,0.972577,0.934059,hiPS
sample299,0.849596,0.889855,0.564437,0.806123,0.649039,0.901833,0.829454,0.954697,0.909537,0.726028,0.875282,0.980399,0.917501,0.773313,0.746353,0.942306,0.712409,0.825561,0.774784,0.813587,0.391831,0.934141,0.88879,0.914498,0.617586,0.79368,0.971695,0.934141,hiPS
sample3,0.942052,0.858724,0.24604,0.945216,0.21481,0.838865,0.846817,0.816018,0.919302,0.846311,0.940535,0.961851,0.871458,0.910525,0.50425,0.943222,0.6759,0.878167,0.757662,0.874492,0.149417,0.964803,0.762115,0.873025,0.450135,0.436428,0.954946,0.964803,hESC
sample30,0.943724,0.811137,0.202057,0.877503,0.484474,0.792442,0.853648,0.76958,0.92694,0.851726,0.91733,0.96509,0.850212,0.947328,0.452464,0.934761,0.722554,0.864874,0.764649,0.884951,0.156085,0.963868,0.746508,0.779314,0.059002,0.432374,0.941412,0.963868,hiPS
sample300,0.845404,0.898974,0.440528,0.818507,0.651803,0.895923,0.841211,0.951769,0.917095,0.682978,0.870883,0.981217,0.912161,0.772975,0.755254,0.934428,0.717202,0.829295,0.769943,0.832786,0.31146,0.936327,0.887234,0.921047,0.662903,0.7798,0.972479,0.936327,hiPS
sample301,0.82749,0.886629,0.433296,0.804333,0.636514,0.904479,0.833235,0.956985,0.912803,0.700756,0.860956,0.980343,0.912546,0.774118,0.745328,0.933481,0.712005,0.829188,0.757235,0.815134,0.282511,0.935683,0.897582,0.920445,0.62047,0.795949,0.972417,0.935683,hiPS
sample302,0.837851,0.88708,0.471435,0.809562,0.653537,0.901971,0.814159,0.958596,0.907375,0.73476,0.847824,0.978952,0.912965,0.76657,0.732733,0.946621,0.7025,0.835418,0.769196,0.812414,0.245779,0.937568,0.907587,0.921411,0.643044,0.804946,0.971377,0.937568,hiPS
sample303,0.81252,0.89106,0.451615,0.819841,0.668521,0.904482,0.817639,0.957641,0.905736,0.696281,0.854262,0.980283,0.91797,0.763563,0.745994,0.951194,0.711842,0.83837,0.759264,0.799154,0.289465,0.936269,0.898387,0.919173,0.65082,0.798579,0.968279,0.936269,hiPS
sample304,0.874456,0.924648,0.53463,0.841985,0.549661,0.905378,0.910919,0.955519,0.949637,0.792617,0.878828,0.976812,0.901075,0.810427,0.730478,0.928521,0.712854,0.804162,0.758955,0.795814,0.38415,0.956007,0.888702,0.901411,0.470655,0.812623,0.982943,0.956007,hESC
sample305,0.883509,0.927201,0.499249,0.859719,0.548252,0.900989,0.906521,0.952381,0.952757,0.773206,0.890337,0.980243,0.895518,0.817544,0.726069,0.929068,0.707308,0.806765,0.748026,0.799343,0.266687,0.957061,0.883391,0.912034,0.43024,0.804673,0.983844,0.957061,hESC
sample306,0.882995,0.927483,0.513777,0.853444,0.578589,0.892081,0.909003,0.951271,0.952941,0.810695,0.884639,0.978058,0.898679,0.797757,0.717053,0.926601,0.711175,0.802038,0.750619,0.781229,0.326705,0.95894,0.889197,0.908624,0.403727,0.807416,0.983436,0.95894,hESC
sample31,0.94968,0.809152,0.266455,0.906341,0.462687,0.851653,0.850213,0.817767,0.948025,0.855985,0.903373,0.963869,0.877966,0.914587,0.447751,0.918231,0.647926,0.720873,0.728777,0.891122,0.220222,0.965945,0.709455,0.770906,0.133947,0.585293,0.897473,0.965945,hiPS
sample32,0.953471,0.889386,0.204776,0.955396,0.34313,0.81487,0.836626,0.865355,0.906325,0.845276,0.934259,0.9642,0.826581,0.948454,0.39809,0.917871,0.716051,0.828561,0.77483,0.867537,0.114619,0.96569,0.73202,0.832137,0.055397,0.444302,0.958304,0.96569,hiPS
sample322,0.804842,0.788053,0.4847,0.856243,0.828915,0.881678,0.877627,0.938834,0.891996,0.515777,0.820365,0.979516,0.79503,0.781448,0.598105,0.910573,0.91878,0.881435,0.792182,0.88241,0.465092,0.909764,0.839501,0.878436,0.640573,0.788421,0.972448,0.909764,hESC
sample323,0.792058,0.789164,0.466353,0.861265,0.829417,0.876221,0.884418,0.936745,0.897146,0.502619,0.824688,0.977505,0.796248,0.781284,0.584588,0.911221,0.910116,0.880932,0.782266,0.883768,0.464186,0.905929,0.837837,0.876301,0.637828,0.793894,0.973389,0.905929,hESC
sample324,0.810937,0.794315,0.51428,0.848843,0.805243,0.87046,0.883488,0.940951,0.900256,0.540533,0.833554,0.978163,0.796626,0.784445,0.61703,0.902807,0.914861,0.876309,0.770444,0.887875,0.513376,0.91295,0.838089,0.874882,0.645441,0.792938,0.971186,0.91295,hESC
sample325,0.771768,0.202585,0.633326,0.464479,0.865049,0.192255,0.640853,0.108544,0.858445,0.51474,0.6945,0.302083,0.302562,0.693486,0.257334,0.345914,0.951426,0.437815,0.571865,0.35927,0.709727,0.889444,0.74666,0.333024,0.781297,0.633682,0.505284,0.889444,Fibroblast
sample326,0.750752,0.210883,0.64541,0.504572,0.862104,0.300085,0.637219,0.295545,0.857987,0.451116,0.696057,0.2258,0.355418,0.685147,0.306423,0.434315,0.950453,0.324242,0.583968,0.422636,0.706785,0.891733,0.756786,0.412784,0.775786,0.640788,0.482007,0.891733,Fibroblast
sample327,0.769374,0.244946,0.648594,0.411726,0.854785,0.233938,0.633828,0.216373,0.851705,0.487313,0.693061,0.321658,0.210808,0.696588,0.29184,0.457467,0.958813,0.291393,0.587837,0.394588,0.691182,0.880049,0.743109,0.392917,0.791406,0.654427,0.466323,0.880049,Fibroblast
sample328,0.809894,0.803172,0.611644,0.888261,0.85439,0.84214,0.87366,0.935272,0.850508,0.516105,0.836579,0.975522,0.694511,0.70774,0.56691,0.891242,0.936087,0.871163,0.769061,0.8704,0.535267,0.917784,0.81237,0.87929,0.697575,0.750867,0.971378,0.917784,hiPS
sample329,0.813038,0.801694,0.611235,0.896068,0.839963,0.836991,0.854346,0.934441,0.862814,0.539049,0.833989,0.977087,0.697311,0.708095,0.561605,0.899167,0.927346,0.876255,0.780081,0.866083,0.500378,0.917693,0.825038,0.876174,0.683659,0.762196,0.971958,0.917693,hiPS
sample33,0.89115,0.166821,0.451744,0.14502,0.620202,0.079847,0.146032,0.00916,0.753936,0.791921,0.062938,0.007625,0.279826,0.490053,0.206425,0.113858,0.868399,0.026317,0.170882,0.343439,0.200475,0.954034,0.356962,0.112241,0.381146,0.321052,0.161982,0.954034,Fibroblast
sample330,0.810953,0.815757,0.610562,0.901398,0.832078,0.846701,0.871621,0.939797,0.872017,0.520939,0.840796,0.978609,0.7216,0.739928,0.550225,0.900234,0.922123,0.880516,0.780247,0.877032,0.470615,0.924247,0.82092,0.887135,0.703278,0.74942,0.974112,0.924247,hiPS
sample331,0.810792,0.844947,0.441105,0.817376,0.62567,0.934561,0.86248,0.950163,0.91348,0.558652,0.868408,0.983407,0.876484,0.730154,0.696142,0.934921,0.834709,0.801493,0.835478,0.871729,0.282389,0.929684,0.864226,0.900232,0.578538,0.784621,0.979693,0.929684,hiPS
sample332,0.799395,0.841971,0.443774,0.784159,0.632511,0.935664,0.859666,0.945975,0.902568,0.554698,0.873892,0.983794,0.888321,0.726019,0.720775,0.9349,0.809899,0.808933,0.825673,0.84787,0.319583,0.928435,0.868028,0.899044,0.597115,0.769623,0.978264,0.928435,hiPS
sample333,0.803302,0.852692,0.451084,0.784864,0.591942,0.937319,0.846616,0.950101,0.900562,0.595003,0.873156,0.983616,0.883483,0.722593,0.701149,0.938326,0.815244,0.799612,0.824311,0.840151,0.329797,0.926454,0.864546,0.891188,0.574089,0.777435,0.976649,0.926454,hiPS
sample334,0.80324,0.843451,0.433268,0.846729,0.708303,0.925971,0.866667,0.950407,0.915575,0.574026,0.86952,0.984735,0.853242,0.752787,0.691778,0.932748,0.797885,0.803351,0.842105,0.870831,0.227549,0.920314,0.855622,0.888355,0.531258,0.810559,0.977965,0.920314,hESC
sample335,0.801286,0.844438,0.418445,0.850955,0.680287,0.921454,0.873539,0.951335,0.914808,0.554316,0.880596,0.984286,0.856004,0.744188,0.712487,0.930217,0.82654,0.811544,0.849833,0.879871,0.293207,0.916869,0.855225,0.893057,0.516712,0.807977,0.979713,0.916869,hESC
sample336,0.786527,0.857308,0.464339,0.836133,0.715694,0.924148,0.863387,0.948623,0.911944,0.553861,0.875175,0.983872,0.855471,0.743236,0.707366,0.933725,0.8058,0.793851,0.837894,0.877218,0.268569,0.921036,0.843991,0.889413,0.54162,0.801077,0.977116,0.921036,hESC
sample337,0.831258,0.882718,0.392227,0.908133,0.585283,0.904836,0.852671,0.955956,0.921251,0.646742,0.852821,0.985538,0.906643,0.800496,0.685423,0.950757,0.764563,0.779684,0.818805,0.880007,0.292701,0.938227,0.885829,0.891308,0.277791,0.805479,0.978975,0.938227,hESC
sample338,0.831532,0.884536,0.377302,0.894234,0.581,0.898416,0.848746,0.950255,0.921714,0.685597,0.85157,0.98563,0.902506,0.777736,0.702186,0.947355,0.729533,0.768971,0.822922,0.873945,0.276558,0.939007,0.888031,0.885594,0.246148,0.800308,0.979967,0.939007,hESC
sample339,0.818071,0.803537,0.515643,0.834864,0.72484,0.900201,0.827028,0.948618,0.900824,0.523608,0.880764,0.986847,0.952554,0.786807,0.651503,0.934737,0.883195,0.879248,0.767097,0.889765,0.445528,0.927306,0.872275,0.911037,0.680139,0.809669,0.96349,0.927306,hiPS
sample34,0.898073,0.129695,0.451883,0.108531,0.521567,0.033646,0.244043,0.22636,0.819895,0.816522,0.109478,0.001497,0.247932,0.403649,0.135903,0.121959,0.891904,0.027996,0.142807,0.463047,0.146741,0.945484,0.49822,0.191516,0.239811,0.345622,0.241802,0.945484,Fibroblast
sample340,0.803065,0.862078,0.446571,0.86678,0.685601,0.91338,0.824115,0.954209,0.904029,0.618897,0.860203,0.985594,0.879057,0.792401,0.691476,0.939898,0.812237,0.898145,0.813025,0.888655,0.296007,0.929295,0.874322,0.913581,0.638532,0.792119,0.974851,0.929295,hiPS
sample341,0.819084,0.853204,0.415685,0.913318,0.648041,0.925741,0.848837,0.951403,0.928797,0.665132,0.851094,0.986347,0.902994,0.805603,0.696457,0.946325,0.756042,0.823515,0.810565,0.873103,0.300492,0.932715,0.88195,0.903998,0.670927,0.79642,0.973851,0.932715,hiPS
sample342,0.806084,0.848153,0.400043,0.912361,0.629798,0.916519,0.852761,0.951309,0.904129,0.648393,0.865335,0.985901,0.900816,0.821887,0.68512,0.945668,0.772796,0.831221,0.838922,0.886087,0.284798,0.93574,0.877393,0.907907,0.662212,0.77008,0.977066,0.93574,hiPS
sample35,0.868121,0.164518,0.580864,0.198066,0.694203,0.000364,0.316694,0.045239,0.782269,0.834766,0.126266,0.002887,0.201974,0.42122,0.188718,0.158196,0.915271,0.02116,0.056838,0.5609,0.237326,0.942274,0.432234,0.200423,0.414348,0.304281,0.182647,0.942274,Fibroblast
sample36,0.880199,0.156696,0.323189,0.030974,0.614999,0.000054,0.368009,0.246905,0.820057,0.810158,0.098595,0.169514,0.224931,0.590854,0.152952,0.130842,0.873202,0.057965,0.048073,0.436061,0.265851,0.945843,0.526487,0.169303,0.442288,0.309916,0.176975,0.945843,Fibroblast
sample37,0.886802,0.282881,0.56606,0.204845,0.694068,0.001971,0.266705,0.005516,0.810322,0.775359,0.172748,0.156484,0.159347,0.459777,0.048552,0.213975,0.904928,0.033964,0.174197,0.52487,0.256335,0.94369,0.506411,0.194554,0.29806,0.400015,0.252239,0.94369,Fibroblast
sample38,0.866527,0.176219,0.386537,0.127965,0.81009,0.000462,0.458782,0.001608,0.868598,0.720245,0.054467,0.018052,0.226664,0.580108,0.166763,0.171981,0.928673,0.138506,0.329987,0.439153,0.336008,0.910568,0.649013,0.193482,0.660514,0.284277,0.180283,0.910568,Fibroblast
sample4,0.948355,0.775691,0.145601,0.937085,0.453758,0.800982,0.885243,0.824653,0.932437,0.854614,0.900539,0.966239,0.859248,0.88404,0.356196,0.932114,0.756901,0.933406,0.744745,0.865955,0.176386,0.964176,0.707985,0.869377,0.245682,0.494026,0.922815,0.964176,hESC
sample5,0.948921,0.851209,0.174873,0.843162,0.398726,0.874233,0.933092,0.83425,0.928015,0.852636,0.923289,0.964608,0.809558,0.881288,0.651681,0.961781,0.652477,0.926227,0.668446,0.848929,0.220033,0.963134,0.72117,0.860673,0.524152,0.521282,0.911901,0.963134,hESC
sample6,0.962808,0.627843,0.227781,0.884017,0.279622,0.71547,0.898509,0.817825,0.954913,0.843218,0.954295,0.965744,0.911972,0.95812,0.415866,0.953677,0.816321,0.945396,0.660668,0.903394,0.224966,0.967535,0.623777,0.82208,0.52784,0.529665,0.935812,0.967535,hESC
sample67,0.959269,0.909244,0.316951,0.958203,0.624072,0.916027,0.914467,0.981593,0.970676,0.923878,0.939889,0.998101,0.937156,0.960523,0.546888,0.983109,0.89792,0.925545,0.753441,0.871251,0.338122,0.989711,0.884988,0.838256,0.268237,0.701886,0.915159,0.989711,hiPS
sample68,0.962253,0.870922,0.257034,0.960622,0.603735,0.930997,0.934771,0.973739,0.970795,0.929931,0.950531,0.995119,0.932345,0.941499,0.640224,0.973382,0.901318,0.926004,0.757184,0.894063,0.347415,0.98737,0.876896,0.836472,0.225129,0.792108,0.928497,0.98737,hiPS
sample69,0.961423,0.879677,0.278061,0.954449,0.612137,0.926724,0.931285,0.975287,0.967014,0.923199,0.944767,0.996358,0.936346,0.943772,0.622112,0.973756,0.908309,0.91933,0.751788,0.899484,0.364054,0.987136,0.886846,0.858797,0.187489,0.781904,0.925256,0.987136,hiPS
sample7,0.954693,0.847921,0.221726,0.935415,0.385967,0.815542,0.967327,0.871354,0.934967,0.849403,0.950518,0.965145,0.899082,0.94274,0.43721,0.939459,0.765608,0.883445,0.774743,0.86902,0.188279,0.963699,0.693814,0.789068,0.486327,0.46651,0.960113,0.963699,hESC
sample70,0.965167,0.88846,0.258141,0.97671,0.597805,0.933352,0.91438,0.978369,0.964967,0.922553,0.944412,0.997184,0.935604,0.954846,0.565334,0.971777,0.904603,0.926331,0.75565,0.90353,0.316786,0.987915,0.885575,0.853801,0.249743,0.799046,0.944794,0.987915,hiPS
sample71,0.964228,0.885391,0.246253,0.979022,0.613456,0.92956,0.922429,0.978709,0.964028,0.930719,0.95044,0.995391,0.938239,0.947024,0.599368,0.971846,0.915156,0.926649,0.77574,0.898156,0.340758,0.987214,0.890262,0.853055,0.314977,0.756318,0.946641,0.987214,hiPS
sample72,0.965034,0.879077,0.250861,0.977229,0.596548,0.926289,0.915061,0.978837,0.966164,0.927797,0.94708,0.994996,0.934586,0.948309,0.583514,0.970625,0.905349,0.931965,0.775607,0.89569,0.330503,0.98628,0.89069,0.850014,0.288786,0.778099,0.943121,0.98628,hiPS
sample73,0.959247,0.888652,0.269167,0.962358,0.604146,0.923013,0.919581,0.981598,0.961615,0.928035,0.952022,0.996843,0.940482,0.959542,0.587911,0.973828,0.885032,0.947346,0.765595,0.898283,0.340587,0.985035,0.898637,0.849956,0.409759,0.704717,0.943332,0.985035,hiPS
sample74,0.943244,0.899198,0.241247,0.944845,0.601148,0.924701,0.921159,0.985527,0.937729,0.901438,0.954416,0.994092,0.945647,0.967657,0.575316,0.982383,0.792398,0.9562,0.77329,0.90532,0.343427,0.9705,0.90448,0.870719,0.377884,0.730158,0.946261,0.9705,hiPS
sample75,0.967712,0.878356,0.292386,0.969282,0.612253,0.929506,0.919244,0.978972,0.965947,0.927505,0.957233,0.995287,0.937443,0.957184,0.546474,0.971317,0.911763,0.941384,0.767155,0.898515,0.314325,0.98728,0.883578,0.83101,0.357383,0.715831,0.944926,0.98728,hiPS
sample76,0.961947,0.908878,0.301343,0.957044,0.568349,0.922456,0.890254,0.982652,0.969994,0.920438,0.958207,0.998344,0.955884,0.971716,0.522985,0.983245,0.899151,0.950028,0.758405,0.88082,0.333937,0.990362,0.888065,0.859651,0.536851,0.682027,0.93147,0.990362,hiPS
sample77,0.966658,0.880755,0.282858,0.956863,0.589095,0.922957,0.906986,0.977246,0.965201,0.931563,0.953827,0.994756,0.9511,0.962053,0.566416,0.971524,0.918196,0.942159,0.764358,0.903408,0.312081,0.987452,0.894104,0.844603,0.489984,0.811112,0.937988,0.987452,hiPS
sample78,0.961228,0.891511,0.292784,0.954583,0.592987,0.926382,0.913652,0.981364,0.962022,0.923613,0.960337,0.996321,0.954876,0.962121,0.562151,0.97229,0.902719,0.94803,0.755892,0.909042,0.33196,0.985722,0.893405,0.855281,0.536226,0.739067,0.938776,0.985722,hiPS
sample79,0.874028,0.349356,0.525526,0.295635,0.914515,0.050098,0.941905,0.039848,0.673428,0.729931,0.537237,0.238626,0.406735,0.669445,0.384546,0.249401,0.975614,0.407262,0.286674,0.620015,0.642033,0.946798,0.602927,0.319812,0.80085,0.655246,0.368792,0.946798,Fibroblast
sample8,0.937968,0.821632,0.18876,0.926132,0.278739,0.83158,0.861887,0.856475,0.908011,0.838538,0.920182,0.964804,0.843943,0.913736,0.491203,0.949132,0.748193,0.878781,0.777334,0.867339,0.169725,0.961977,0.74291,0.853122,0.407123,0.508086,0.95627,0.961977,hESC
sample80,0.871376,0.386509,0.542095,0.30956,0.908035,0.05689,0.948,0.022104,0.717629,0.710868,0.565922,0.104486,0.391213,0.657302,0.315913,0.185811,0.975996,0.430457,0.321581,0.576844,0.658687,0.948915,0.600079,0.303607,0.77453,0.664059,0.310094,0.948915,Fibroblast
sample81,0.870495,0.334298,0.543729,0.23028,0.913351,0.104739,0.946153,0.067016,0.695904,0.718598,0.556262,0.217107,0.384642,0.657688,0.314944,0.24177,0.976247,0.443626,0.246876,0.618319,0.66992,0.946513,0.605564,0.318293,0.802737,0.554308,0.336958,0.946513,Fibroblast
sample82,0.959977,0.884594,0.315163,0.980827,0.554797,0.908088,0.942403,0.982688,0.95772,0.906032,0.973699,0.996607,0.981128,0.955847,0.548178,0.972673,0.949586,0.962245,0.776071,0.929421,0.344243,0.985282,0.876732,0.848525,0.451312,0.763704,0.959271,0.985282,hiPS
sample83,0.9602,0.88259,0.341065,0.978843,0.572881,0.898452,0.940225,0.982378,0.955788,0.918446,0.97426,0.996265,0.979095,0.956592,0.512559,0.972189,0.935851,0.958725,0.796707,0.925188,0.365338,0.985966,0.884859,0.857475,0.443032,0.749457,0.961633,0.985966,hiPS
sample84,0.964795,0.874713,0.29296,0.981731,0.566078,0.882071,0.939,0.982713,0.956711,0.90624,0.9741,0.996188,0.975509,0.96134,0.526515,0.973048,0.940716,0.95294,0.790884,0.924516,0.331639,0.984117,0.884282,0.85019,0.442239,0.744371,0.965382,0.984117,hiPS
sample85,0.962229,0.892233,0.301694,0.986657,0.580835,0.895366,0.908129,0.985924,0.946949,0.91376,0.960734,0.996661,0.932458,0.940445,0.582845,0.973801,0.928146,0.964797,0.813578,0.915662,0.310795,0.987129,0.901721,0.921491,0.530718,0.803484,0.970083,0.987129,hESC
sample86,0.964251,0.896256,0.298024,0.988169,0.595995,0.900434,0.904376,0.985938,0.950709,0.90987,0.964058,0.996709,0.938618,0.942112,0.581129,0.97591,0.929564,0.970571,0.799797,0.904332,0.313359,0.988117,0.907816,0.915499,0.516163,0.793378,0.971013,0.988117,hESC
sample87,0.959834,0.891401,0.296694,0.988674,0.589774,0.896653,0.914925,0.986592,0.951131,0.914051,0.961452,0.996804,0.938879,0.932174,0.601303,0.972541,0.93069,0.971658,0.806153,0.915493,0.35086,0.987214,0.904309,0.916762,0.531288,0.801913,0.971021,0.987214,hESC
sample88,0.982362,0.892315,0.537642,0.945907,0.824505,0.792887,0.864407,0.951534,0.980589,0.960745,0.974022,0.979297,0.941722,0.8791,0.587128,0.93862,0.872974,0.605606,0.810174,0.932576,0.468014,0.984925,0.922108,0.906708,0.616348,0.744969,0.994002,0.994189,hiPS
sample89,0.979325,0.917171,0.526783,0.936623,0.810989,0.861853,0.885045,0.95519,0.981985,0.964404,0.981246,0.975522,0.95577,0.869448,0.573097,0.958891,0.789814,0.62382,0.813652,0.922547,0.432184,0.984103,0.942906,0.934294,0.603298,0.744606,0.993646,0.987296,hiPS
sample9,0.944976,0.759012,0.209081,0.837447,0.44022,0.846114,0.875521,0.822951,0.933321,0.854868,0.945663,0.965764,0.883661,0.889068,0.511099,0.949462,0.6621,0.937929,0.755914,0.890008,0.196416,0.963955,0.762028,0.873574,0.360287,0.495478,0.94509,0.963955,hESC
sample90,0.973659,0.903758,0.493094,0.943164,0.836415,0.83354,0.886023,0.947247,0.975907,0.958721,0.982707,0.97712,0.959457,0.835264,0.55992,0.95563,0.842277,0.638014,0.807639,0.936088,0.411218,0.981243,0.921776,0.928763,0.574231,0.764524,0.995954,0.984013,hiPS
sample91,0.975967,0.899156,0.492527,0.934856,0.815791,0.815138,0.908405,0.957037,0.977258,0.955398,0.981687,0.979007,0.980258,0.877675,0.566279,0.963448,0.818452,0.639887,0.777324,0.92047,0.481013,0.986626,0.928735,0.904079,0.617982,0.766963,0.99014,0.9893,hiPS
sample92,0.966381,0.896015,0.504995,0.921368,0.810803,0.822775,0.896681,0.959057,0.978856,0.957886,0.970158,0.980388,0.974814,0.897728,0.591807,0.963996,0.807462,0.620012,0.798792,0.915721,0.497705,0.987455,0.933423,0.911338,0.602657,0.777687,0.990731,0.989772,hiPS
sample93,0.972155,0.899686,0.52168,0.934521,0.807555,0.822671,0.887314,0.96439,0.979416,0.959092,0.970767,0.980734,0.972211,0.888401,0.57452,0.957165,0.792199,0.626588,0.789933,0.921815,0.455531,0.985679,0.924252,0.914717,0.599895,0.788225,0.99149,0.988652,hiPS
sample94,0.976194,0.902231,0.502925,0.942955,0.640424,0.794501,0.905593,0.953585,0.983029,0.956915,0.962884,0.984948,0.938043,0.887685,0.668889,0.941418,0.852953,0.645019,0.816847,0.925031,0.459861,0.987133,0.92498,0.902379,0.009615,0.793717,0.990705,0.99648,hESC
sample95,0.979061,0.886127,0.477212,0.94667,0.626503,0.809285,0.946722,0.96477,0.982763,0.949524,0.975517,0.985886,0.962886,0.895216,0.623342,0.961868,0.744493,0.648996,0.790682,0.934354,0.519,0.985246,0.92268,0.937799,0.029638,0.823333,0.990392,0.987711,hESC
sample96,0.978086,0.891924,0.465319,0.95395,0.608309,0.824164,0.934536,0.96505,0.97991,0.953209,0.975715,0.984354,0.957295,0.887295,0.62198,0.960235,0.806744,0.622592,0.79465,0.929287,0.476402,0.986233,0.927984,0.933876,0.004866,0.807307,0.993281,0.988854,hESC
sample97,0.977092,0.916473,0.533518,0.948673,0.751424,0.832688,0.917368,0.966436,0.97516,0.956995,0.971612,0.982461,0.952333,0.868445,0.58773,0.956241,0.737831,0.688389,0.83044,0.931328,0.455052,0.98749,0.932965,0.918215,0.642577,0.773816,0.994028,0.991991,hiPS
sample98,0.977293,0.918747,0.541528,0.955223,0.752239,0.843181,0.926333,0.967557,0.973938,0.957322,0.975696,0.981213,0.948085,0.885145,0.571653,0.957484,0.738044,0.663882,0.830995,0.935831,0.412425,0.985208,0.920597,0.92175,0.598541,0.765495,0.993408,0.990884,hiPS
sample99,0.98263,0.925308,0.523669,0.957737,0.738436,0.853799,0.923784,0.964769,0.972515,0.956921,0.975825,0.983281,0.945507,0.894777,0.56926,0.950505,0.721424,0.651976,0.816827,0.933137,0.429414,0.984886,0.942191,0.927752,0.628171,0.760699,0.993504,0.989674,hiPS
sample139,0.716271,0.308766,0.794489,0.450335,0.934508,0.111311,0.687616,0.199022,0.682399,0.372487,0.66367,0.354146,0.29816,0.382834,0.383193,0.106911,0.946132,0.470642,0.348547,0.439981,0.757174,0.881257,0.628596,0.563132,0.708936,0.663052,0.588985,0.881257,Fibroblast
sample140,0.707931,0.484395,0.762057,0.554833,0.940347,0.088262,0.802882,0.203637,0.719539,0.263114,0.788351,0.210718,0.33626,0.440251,0.336425,0.250075,0.932944,0.449031,0.422138,0.530913,0.752561,0.892598,0.571514,0.774923,0.736299,0.657087,0.636954,0.892598,Fibroblast
sample141,0.763603,0.406522,0.767002,0.520162,0.946568,0.11421,0.745177,0.365466,0.669188,0.439111,0.768706,0.060414,0.384425,0.444419,0.453276,0.219683,0.934597,0.573253,0.426999,0.59479,0.772612,0.889035,0.667064,0.684186,0.735478,0.70376,0.666172,0.889035,Fibroblast
sample142,0.810772,0.881881,0.372628,0.803753,0.762954,0.881842,0.930396,0.921284,0.903254,0.489392,0.882853,0.984417,0.897588,0.796077,0.76214,0.946383,0.666348,0.859227,0.711434,0.853028,0.34388,0.934049,0.831539,0.913332,0.718808,0.785793,0.975107,0.934049,hiPS
sample143,0.808233,0.887905,0.495858,0.825663,0.770955,0.893232,0.930001,0.924459,0.911141,0.444933,0.881972,0.984099,0.880189,0.804401,0.723985,0.949617,0.625799,0.86593,0.700808,0.859649,0.378104,0.93296,0.839558,0.917665,0.707693,0.780527,0.973161,0.93296,hiPS
sample144,0.802725,0.875284,0.398631,0.790116,0.746458,0.890216,0.931005,0.926602,0.898425,0.513644,0.892844,0.984834,0.896954,0.792212,0.735696,0.950042,0.669032,0.850744,0.737156,0.849567,0.43354,0.930651,0.842766,0.924332,0.71791,0.779512,0.974133,0.930651,hiPS
sample145,0.803764,0.858586,0.35806,0.761414,0.776979,0.908155,0.902884,0.925492,0.896415,0.594899,0.899403,0.98194,0.901734,0.809926,0.742054,0.951033,0.701178,0.828877,0.776473,0.834572,0.402951,0.937899,0.854804,0.912276,0.722928,0.758484,0.973478,0.937899,hiPS
sample146,0.843454,0.865557,0.496459,0.802501,0.746425,0.89212,0.898304,0.917963,0.894386,0.602077,0.908807,0.981948,0.892271,0.809738,0.665108,0.949452,0.746683,0.859791,0.763631,0.841499,0.447202,0.947826,0.826486,0.922707,0.708556,0.812646,0.973671,0.947826,hiPS
sample147,0.779814,0.875526,0.423609,0.783831,0.771856,0.896446,0.9021,0.929458,0.902689,0.462656,0.897922,0.981265,0.890045,0.808594,0.770097,0.952524,0.710075,0.852771,0.76768,0.84359,0.402581,0.945682,0.863206,0.901317,0.711667,0.785879,0.974758,0.945682,hiPS
sample148,0.840697,0.870357,0.51855,0.819605,0.739085,0.885932,0.903263,0.925841,0.911445,0.624679,0.877898,0.981402,0.893931,0.596383,0.767859,0.948726,0.679077,0.874564,0.758454,0.839917,0.447554,0.93949,0.851093,0.891022,0.702242,0.796314,0.963771,0.93949,hiPS
sample149,0.812317,0.859782,0.45137,0.800253,0.742463,0.894167,0.905894,0.928125,0.908967,0.570148,0.88189,0.982068,0.886987,0.624048,0.742359,0.950807,0.713738,0.872753,0.755303,0.82391,0.426399,0.935533,0.836726,0.891433,0.693434,0.767895,0.965245,0.935533,hiPS
sample150,0.851243,0.879748,0.438842,0.834526,0.74327,0.879867,0.899681,0.9273,0.913897,0.642815,0.875266,0.983548,0.898688,0.608572,0.740377,0.944523,0.693798,0.881902,0.75038,0.826808,0.507872,0.937847,0.836243,0.908758,0.694716,0.782853,0.966935,0.937847,hiPS
sample151,0.835744,0.8881,0.446606,0.816108,0.705857,0.892323,0.862292,0.947623,0.906703,0.688934,0.881252,0.978246,0.918224,0.784633,0.743589,0.937882,0.726854,0.834412,0.77087,0.836671,0.284711,0.939555,0.87837,0.903055,0.632789,0.758952,0.974519,0.939555,hiPS
sample152,0.856226,0.877486,0.484593,0.806621,0.683991,0.898313,0.851616,0.947133,0.910809,0.694731,0.874218,0.978466,0.915613,0.789511,0.742919,0.940188,0.713704,0.823045,0.788439,0.836556,0.36995,0.941966,0.88596,0.902457,0.620235,0.791972,0.973342,0.941966,hiPS
sample153,0.842548,0.875953,0.409904,0.813644,0.680195,0.892413,0.861982,0.947496,0.917523,0.662054,0.874607,0.980451,0.913012,0.788531,0.745909,0.940868,0.718404,0.830397,0.778668,0.846819,0.245948,0.940914,0.878776,0.903387,0.678907,0.771298,0.97439,0.940914,hiPS
sample154,0.83319,0.870149,0.381182,0.81832,0.685129,0.90314,0.851147,0.953469,0.912318,0.671127,0.858886,0.978898,0.91155,0.779114,0.731003,0.937519,0.697769,0.83615,0.762313,0.836569,0.258601,0.94169,0.892526,0.908108,0.64759,0.786743,0.973554,0.94169,hiPS
sample155,0.844005,0.865245,0.407996,0.810216,0.672054,0.899598,0.849124,0.950672,0.903071,0.707004,0.850284,0.977705,0.912013,0.779251,0.71795,0.949967,0.707574,0.836177,0.793651,0.818117,0.218411,0.943369,0.905893,0.90941,0.636683,0.81077,0.973322,0.943369,hiPS
sample156,0.825341,0.882982,0.375615,0.813622,0.688166,0.90286,0.830942,0.949939,0.916203,0.682561,0.854871,0.977651,0.918258,0.76261,0.742008,0.955689,0.696572,0.841348,0.775789,0.815412,0.259335,0.943334,0.88906,0.904733,0.663865,0.812783,0.970343,0.943334,hiPS
sample157,0.878614,0.89154,0.398011,0.820111,0.658961,0.880322,0.925308,0.946309,0.939331,0.536745,0.903604,0.990609,0.88036,0.699037,0.715067,0.949136,0.753063,0.905038,0.773616,0.877099,0.37949,0.958601,0.827844,0.882722,0.568518,0.778107,0.976624,0.958601,hESC
sample158,0.878475,0.868456,0.428144,0.795763,0.562419,0.886079,0.922368,0.953757,0.946296,0.627062,0.896725,0.990273,0.892899,0.670591,0.720783,0.947763,0.756773,0.902173,0.775551,0.880554,0.375018,0.961533,0.840371,0.853265,0.56694,0.80083,0.976299,0.961533,hESC
sample159,0.889035,0.867967,0.399527,0.824669,0.636193,0.873996,0.923876,0.9529,0.943609,0.620418,0.895813,0.990592,0.886434,0.692969,0.737758,0.95065,0.747243,0.90277,0.777076,0.862772,0.336708,0.964672,0.853017,0.884232,0.560432,0.81245,0.975731,0.964672,hESC
sample160,0.879445,0.915989,0.503273,0.839892,0.592331,0.90387,0.919257,0.950285,0.947049,0.774756,0.873756,0.975945,0.901129,0.824084,0.721004,0.931693,0.710114,0.801236,0.783532,0.811282,0.323501,0.960716,0.886254,0.886376,0.513639,0.816056,0.984489,0.960716,hESC
sample161,0.886632,0.916041,0.483763,0.866695,0.598633,0.899101,0.917222,0.945582,0.950567,0.738937,0.879001,0.978391,0.89369,0.813523,0.728216,0.933818,0.707523,0.812344,0.755716,0.815776,0.231134,0.962457,0.886592,0.896631,0.481228,0.799095,0.985101,0.962457,hESC
sample162,0.889118,0.917746,0.489945,0.847648,0.629405,0.891431,0.919385,0.944469,0.95067,0.782332,0.871191,0.975906,0.895349,0.812246,0.705064,0.927109,0.713112,0.810765,0.772064,0.798317,0.323593,0.96256,0.878847,0.888876,0.43689,0.813838,0.985034,0.96256,hESC
sample163,0.91474,0.441741,0.50498,0.558622,0.895588,0.147738,0.267307,0.073661,0.893739,0.79165,0.480717,0.134336,0.334591,0.740515,0.2842,0.221042,0.95618,0.308074,0.358836,0.615036,0.524404,0.964962,0.783681,0.124169,0.727984,0.509373,0.446903,0.964962,Fibroblast
sample164,0.971674,0.861611,0.214183,0.96286,0.512755,0.853516,0.696416,0.956106,0.962028,0.946154,0.794687,0.987868,0.946705,0.894931,0.408238,0.978717,0.910992,0.818196,0.631272,0.861872,0.333529,0.987014,0.872526,0.765666,0.177571,0.734417,0.949818,0.987014,hESC
sample165,0.969103,0.880795,0.192498,0.924875,0.376401,0.933767,0.848127,0.955569,0.975465,0.93996,0.802637,0.98911,0.934865,0.920209,0.448684,0.968635,0.937693,0.851307,0.597658,0.867956,0.423111,0.990074,0.873287,0.848086,0.168484,0.756994,0.948832,0.990074,hiPS
sample166,0.969652,0.829151,0.182695,0.952251,0.427204,0.950673,0.846753,0.963074,0.976797,0.938034,0.796421,0.989126,0.925825,0.919539,0.447404,0.967889,0.941159,0.888701,0.605818,0.864222,0.42731,0.990311,0.879125,0.847584,0.164918,0.778432,0.953537,0.990311,hiPS
sample167,0.969167,0.938351,0.095051,0.919724,0.364215,0.95335,0.88322,0.956939,0.966996,0.936571,0.779317,0.99039,0.891317,0.886791,0.530772,0.900641,0.934222,0.755695,0.606199,0.876086,0.41384,0.989938,0.855163,0.78036,0.103064,0.684346,0.955889,0.989938,hiPS
sample168,0.964846,0.908373,0.505323,0.943043,0.631613,0.861156,0.914482,0.972319,0.971644,0.938057,0.96682,0.970558,0.926691,0.928383,0.636425,0.948906,0.807364,0.723226,0.829932,0.913904,0.446574,0.983802,0.902064,0.944228,0.009211,0.813564,0.986723,0.984734,hESC
sample169,0.971133,0.854143,0.535322,0.980711,0.746793,0.724361,0.923331,0.956671,0.964665,0.930362,0.961141,0.967417,0.932404,0.905302,0.575281,0.939907,0.921329,0.628127,0.803787,0.907068,0.504352,0.984967,0.888731,0.93802,0.705072,0.772977,0.981576,0.983483,hiPS
sample170,0.959554,0.919782,0.522291,0.909943,0.75042,0.869244,0.939011,0.95468,0.959247,0.92682,0.963304,0.971072,0.930975,0.844121,0.685463,0.949381,0.758987,0.556979,0.87377,0.90949,0.469697,0.980056,0.903102,0.912168,0.681846,0.787197,0.977479,0.980277,hiPS
sample171,0.963721,0.915112,0.523735,0.944433,0.625154,0.856734,0.910424,0.971872,0.970434,0.937921,0.967131,0.975234,0.921188,0.930852,0.666557,0.943726,0.794408,0.73361,0.846935,0.923938,0.450756,0.984458,0.89947,0.95037,0.009649,0.828877,0.986252,0.984837,hESC
sample172,0.963165,0.912874,0.441444,0.950292,0.636577,0.822455,0.87884,0.962297,0.96245,0.944863,0.961686,0.976695,0.939835,0.925912,0.671711,0.952414,0.810029,0.658335,0.865024,0.906538,0.417365,0.987383,0.909153,0.9323,0.13101,0.782682,0.985314,0.985927,hESC
sample173,0.9577,0.91528,0.437144,0.86818,0.743098,0.890566,0.928514,0.960608,0.963849,0.941913,0.950924,0.974493,0.922606,0.865246,0.682237,0.950973,0.737778,0.565548,0.86074,0.902507,0.45429,0.983695,0.902419,0.916772,0.682711,0.801449,0.981294,0.98496,hiPS
sample174,0.967946,0.902045,0.30868,0.680155,0.783114,0.905155,0.942362,0.941843,0.966175,0.918434,0.68958,0.964163,0.859001,0.57276,0.687181,0.890266,0.728621,0.181383,0.824995,0.899341,0.505185,0.978291,0.907663,0.878434,0.747049,0.759973,0.679306,0.975669,hiPS
sample175,0.939754,0.690204,0.787796,0.188236,0.927811,0.15584,0.94777,0.009986,0.909905,0.878635,0.310141,0.0087,0.404253,0.553721,0.249281,0.020484,0.947418,0.269878,0.532203,0.58319,0.754007,0.971838,0.767802,0.037996,0.666899,0.624172,0.320634,0.969562,Fibroblast
sample176,0.972041,0.912437,0.508403,0.979882,0.752104,0.851169,0.877727,0.965107,0.96481,0.935252,0.949642,0.969961,0.911172,0.903423,0.623633,0.938097,0.911651,0.561255,0.793348,0.900547,0.489886,0.985685,0.892421,0.926509,0.701301,0.80572,0.975984,0.985631,hiPS
sample177,0.957083,0.893097,0.434463,0.632702,0.78253,0.907197,0.942709,0.927916,0.967016,0.907713,0.695117,0.959523,0.813302,0.509767,0.724394,0.884253,0.799763,0.194485,0.810396,0.910865,0.639195,0.979069,0.892383,0.861713,0.757027,0.798932,0.648718,0.979379,hiPS
sample178,0.965484,0.910351,0.557505,0.954554,0.746028,0.828567,0.863636,0.968431,0.964632,0.917731,0.95801,0.966071,0.920403,0.893082,0.620566,0.936834,0.872621,0.522506,0.761169,0.897649,0.451716,0.985435,0.883078,0.90897,0.618068,0.792944,0.976228,0.9827,hiPS
sample179,0.930493,0.190641,0.765534,0.00125,0.934409,0.192447,0.963629,0.03072,0.81698,0.807927,0.453097,0.009062,0.364154,0.442399,0.394721,0.007215,0.936548,0.428792,0.342414,0.601516,0.740117,0.972244,0.680646,0.050486,0.64347,0.618806,0.265318,0.969648,Fibroblast
sample180,0.920926,0.672934,0.810055,0.052057,0.921018,0.16734,0.9661,0.034542,0.861636,0.837959,0.406185,0.040755,0.389443,0.541574,0.35234,0.035213,0.934321,0.428838,0.402168,0.511682,0.818693,0.970882,0.695399,0.248838,0.66938,0.655909,0.29778,0.969209,Fibroblast
sample181,0.967489,0.911118,0.547166,0.972131,0.699384,0.765596,0.924492,0.962221,0.952683,0.926899,0.96242,0.974506,0.933084,0.908386,0.568894,0.945282,0.915421,0.707571,0.845059,0.910721,0.440042,0.987031,0.88843,0.944242,0.64918,0.781079,0.982565,0.986921,hiPS
sample182,0.926526,0.518778,0.779257,0.235526,0.913096,0.128836,0.961875,0.197461,0.884987,0.839069,0.233601,0.008866,0.445385,0.472246,0.210692,0.052928,0.941686,0.229319,0.487993,0.498586,0.77728,0.969464,0.734169,0.267267,0.619496,0.645619,0.187822,0.965482,Fibroblast
sample183,0.965711,0.923042,0.481039,0.9451,0.812204,0.881261,0.942657,0.935127,0.942189,0.923538,0.90879,0.964765,0.888922,0.799302,0.661575,0.923177,0.828893,0.538109,0.776237,0.912614,0.582219,0.981594,0.885992,0.897189,0.687561,0.733608,0.959104,0.979641,hiPS
sample184,0.937066,0.43173,0.694422,0.01011,0.901527,0.114301,0.945886,0.103996,0.95094,0.862813,0.131188,0.018836,0.436307,0.577796,0.276914,0.154388,0.941651,0.156214,0.630444,0.651189,0.691441,0.977158,0.86991,0.034374,0.643595,0.609492,0.294605,0.973164,Fibroblast
sample185,0.957723,0.893666,0.419745,0.413998,0.782154,0.939963,0.94785,0.871204,0.972931,0.914879,0.890998,0.967789,0.862123,0.692465,0.651301,0.908888,0.812243,0.225723,0.767156,0.910923,0.624997,0.978561,0.835015,0.830446,0.64911,0.797376,0.489514,0.977657,hiPS
sample186,0.981269,0.939591,0.535364,0.980347,0.675256,0.896073,0.872291,0.959753,0.968445,0.937589,0.959849,0.968396,0.922368,0.920914,0.611849,0.952898,0.905924,0.571276,0.791957,0.879225,0.450473,0.989265,0.906741,0.929657,0.679829,0.790451,0.981115,0.989159,hiPS
sample187,0.958753,0.898512,0.446254,0.964627,0.782852,0.904317,0.927923,0.948579,0.961675,0.922093,0.948335,0.974839,0.932035,0.762248,0.66443,0.938226,0.784311,0.572673,0.854863,0.910897,0.48049,0.982579,0.89232,0.914603,0.643045,0.786928,0.981924,0.984611,hiPS
sample188,0.910268,0.678878,0.819428,0.051322,0.934551,0.252252,0.978365,0.084717,0.881105,0.81857,0.36027,0.060736,0.422101,0.455379,0.290619,0.105062,0.943861,0.401886,0.459624,0.472668,0.778371,0.969599,0.716865,0.029049,0.675914,0.627966,0.218949,0.966876,Fibroblast
sample189,0.959483,0.901851,0.517875,0.971642,0.751219,0.904449,0.949356,0.969038,0.971694,0.922905,0.951642,0.967642,0.919135,0.913378,0.65261,0.947179,0.866946,0.610243,0.789499,0.905818,0.550221,0.982728,0.873051,0.92113,0.671736,0.832375,0.978104,0.98174,hiPS
sample190,0.964997,0.909281,0.540372,0.970224,0.76718,0.872518,0.927769,0.966472,0.968777,0.931322,0.9504,0.970897,0.921427,0.904028,0.598172,0.946976,0.881394,0.606979,0.808578,0.914716,0.520327,0.983231,0.88801,0.915657,0.680824,0.792597,0.977569,0.983341,hiPS
sample191,0.937254,0.613479,0.692339,0.535013,0.924462,0.191277,0.971919,0.129192,0.897655,0.869351,0.2726,0.019361,0.411263,0.614714,0.18984,0.071348,0.944866,0.189004,0.620818,0.597858,0.721921,0.972082,0.836228,0.290968,0.675221,0.612019,0.064732,0.968736,Fibroblast
sample192,0.925062,0.541091,0.753157,0.010599,0.914303,0.037272,0.904212,0.053044,0.899104,0.856002,0.129209,0.132268,0.429665,0.467311,0.169772,0.070518,0.937422,0.403742,0.483809,0.566902,0.702582,0.973309,0.784346,0.003001,0.700839,0.654192,0.17349,0.969483,Fibroblast
sample193,0.966437,0.911662,0.511531,0.900598,0.76833,0.914176,0.95801,0.968793,0.968058,0.922861,0.968846,0.970746,0.918179,0.863203,0.592237,0.951049,0.764928,0.522212,0.725243,0.901673,0.506293,0.98187,0.86095,0.879538,0.64786,0.819029,0.966698,0.982093,hiPS
sample194,0.965049,0.893845,0.509454,0.96796,0.773354,0.86597,0.927483,0.958562,0.966657,0.922604,0.951771,0.970479,0.921772,0.884975,0.614501,0.942921,0.838697,0.570862,0.796846,0.919884,0.521945,0.981473,0.888194,0.895122,0.676047,0.809065,0.971483,0.981086,hiPS
sample195,0.956483,0.917378,0.451558,0.604632,0.780861,0.942615,0.95506,0.943851,0.973429,0.906672,0.894063,0.973742,0.868123,0.667586,0.650918,0.914457,0.830683,0.250848,0.821556,0.877482,0.594271,0.979925,0.844322,0.842164,0.744731,0.810734,0.640719,0.97907,hiPS
sample196,0.939989,0.849551,0.388865,0.564134,0.812536,0.936106,0.949587,0.938825,0.96921,0.900532,0.888461,0.94772,0.858485,0.475964,0.656841,0.871743,0.793866,0.192014,0.754115,0.915816,0.604902,0.978971,0.838498,0.845875,0.616888,0.856471,0.466938,0.976148,hiPS
sample206,0.967666,0.938626,0.111112,0.968229,0.527399,0.935194,0.939249,0.981359,0.965525,0.938244,0.902578,0.995859,0.877253,0.930986,0.612384,0.971681,0.915265,0.935955,0.819768,0.902668,0.298808,0.985403,0.906783,0.914164,0.576238,0.733557,0.946046,0.985403,hiPS
sample207,0.965832,0.942108,0.070569,0.957766,0.554178,0.94675,0.920445,0.981713,0.975614,0.943619,0.921126,0.996931,0.863689,0.939287,0.661482,0.969128,0.910991,0.937463,0.808659,0.891279,0.301523,0.985292,0.895034,0.896786,0.590278,0.749857,0.945515,0.985292,hiPS
sample208,0.967137,0.943722,0.091262,0.965209,0.620522,0.941806,0.938849,0.982419,0.970306,0.936856,0.909147,0.995697,0.88278,0.932097,0.613943,0.969998,0.904696,0.930644,0.813724,0.901923,0.345766,0.982955,0.908606,0.879822,0.634187,0.749856,0.94608,0.982955,hiPS
sample209,0.963451,0.889041,0.1118,0.949985,0.601901,0.940098,0.909915,0.982358,0.96986,0.939715,0.916734,0.996359,0.854488,0.927212,0.675135,0.970683,0.872734,0.923679,0.795386,0.902758,0.317356,0.983059,0.916276,0.915135,0.690982,0.788417,0.94115,0.983059,hiPS
sample210,0.965091,0.904045,0.071917,0.962903,0.627212,0.94894,0.9371,0.983168,0.971697,0.947068,0.917585,0.997238,0.829098,0.936302,0.659972,0.97002,0.90959,0.920045,0.784417,0.904223,0.28125,0.984601,0.916813,0.910398,0.676617,0.821016,0.927167,0.984601,hiPS
sample211,0.962399,0.900355,0.080754,0.959719,0.607801,0.953961,0.930994,0.982997,0.969995,0.942952,0.911664,0.995712,0.845023,0.93223,0.621872,0.970619,0.912446,0.916969,0.769358,0.908912,0.289586,0.982564,0.920873,0.896611,0.697093,0.761522,0.929098,0.982564,hiPS
sample212,0.977238,0.897656,0.03251,0.985968,0.481977,0.943646,0.902195,0.981914,0.971321,0.940506,0.921319,0.995735,0.843585,0.952111,0.603197,0.961055,0.940313,0.915309,0.7969,0.932581,0.278481,0.987468,0.907583,0.934764,0.525631,0.80731,0.94598,0.987468,hiPS
sample213,0.930749,0.919193,0.096418,0.874278,0.480212,0.972791,0.864584,0.994335,0.958985,0.886945,0.865944,0.997568,0.801855,0.969977,0.477081,0.983464,0.801414,0.969633,0.778763,0.79662,0.194377,0.968257,0.934474,0.940079,0.42452,0.752028,0.9116,0.968257,hESC
sample214,0.966671,0.91076,0.286736,0.983867,0.700928,0.911845,0.941878,0.987253,0.976752,0.934813,0.941499,0.994848,0.83916,0.975216,0.496445,0.971702,0.924911,0.940506,0.747632,0.829111,0.230598,0.983238,0.919124,0.899062,0.686162,0.770691,0.969379,0.983238,hiPS
sample215,0.969168,0.880405,0.320805,0.981298,0.683529,0.915502,0.93954,0.983957,0.978614,0.947857,0.940727,0.99576,0.866229,0.967373,0.472847,0.966375,0.92675,0.917069,0.734285,0.862484,0.249497,0.986083,0.911061,0.883519,0.666892,0.765052,0.967058,0.986083,hiPS
sample216,0.965043,0.904735,0.284415,0.978032,0.658082,0.930788,0.940264,0.985648,0.976669,0.93553,0.921307,0.994889,0.837353,0.971476,0.496249,0.974061,0.924155,0.931213,0.73545,0.83811,0.205806,0.984461,0.930504,0.906238,0.691463,0.779789,0.963427,0.984461,hiPS
sample217,0.964702,0.884959,0.212694,0.977721,0.682471,0.912378,0.958166,0.988443,0.976905,0.932541,0.935919,0.995097,0.813983,0.974621,0.492915,0.977517,0.92293,0.930422,0.772795,0.865759,0.274895,0.983596,0.917408,0.899609,0.714659,0.748859,0.968212,0.983596,hiPS
sample218,0.967961,0.868948,0.252116,0.977699,0.673815,0.922546,0.970628,0.98729,0.976435,0.930754,0.937918,0.995291,0.85739,0.976637,0.482653,0.978409,0.92494,0.92866,0.735938,0.872524,0.222684,0.983737,0.916713,0.897771,0.695112,0.795869,0.969045,0.983737,hiPS
sample219,0.92738,0.206544,0.503738,0.502518,0.909627,0.092628,0.407565,0.106737,0.911855,0.83449,0.417746,0.159804,0.338007,0.715804,0.267644,0.244147,0.971447,0.381665,0.334857,0.523934,0.161893,0.96095,0.748427,0.186546,0.821184,0.52883,0.354887,0.96095,Fibroblast
sample220,0.971556,0.888639,0.168924,0.976207,0.509582,0.924897,0.954227,0.986145,0.968943,0.918718,0.883115,0.994792,0.731362,0.979315,0.505856,0.976687,0.935699,0.952776,0.73718,0.824786,0.240444,0.984268,0.906206,0.913337,0.363958,0.763173,0.962918,0.984268,hESC
sample221,0.968744,0.857287,0.246443,0.977552,0.516729,0.924236,0.937052,0.988786,0.973423,0.926155,0.953188,0.99387,0.875882,0.984943,0.518119,0.977655,0.907072,0.955983,0.774868,0.897561,0.284643,0.983467,0.910016,0.93864,0.117845,0.790823,0.969294,0.983467,hESC
sample222,0.96456,0.932551,0.221921,0.96228,0.619602,0.92902,0.980733,0.988449,0.978087,0.926938,0.902807,0.994943,0.818154,0.98802,0.468245,0.982404,0.925416,0.931387,0.746149,0.846385,0.257201,0.981777,0.899694,0.925324,0.374115,0.831677,0.966602,0.981777,hESC
sample223,0.969323,0.894902,0.289305,0.968468,0.750801,0.934209,0.963234,0.986049,0.973229,0.925214,0.922412,0.99501,0.864041,0.980557,0.494785,0.979515,0.934537,0.945291,0.73381,0.857011,0.270501,0.982076,0.897155,0.920993,0.172617,0.83316,0.965964,0.982076,hESC
sample224,0.952367,0.258791,0.419082,0.395963,0.875829,0.243116,0.281298,0.378317,0.954032,0.834741,0.364598,0.467854,0.332899,0.924264,0.117386,0.298452,0.978086,0.364969,0.460145,0.803915,0.441422,0.964601,0.83217,0.267879,0.785577,0.700939,0.322971,0.964601,Fibroblast
sample225,0.94159,0.158419,0.41514,0.340899,0.884302,0.042973,0.689644,0.029986,0.943218,0.821799,0.218689,0.025043,0.266565,0.657292,0.166662,0.210795,0.979485,0.281642,0.480733,0.767568,0.458472,0.951233,0.819648,0.193073,0.757232,0.673971,0.275478,0.951233,Fibroblast
sample226,0.916288,0.221859,0.415123,0.232735,0.922605,0.350216,0.282514,0.061635,0.786976,0.775325,0.253071,0.060615,0.234475,0.472964,0.220667,0.236492,0.976605,0.467864,0.345694,0.846812,0.684638,0.947896,0.685423,0.249609,0.718003,0.692941,0.281047,0.947896,Fibroblast
sample227,0.91696,0.265818,0.441278,0.243717,0.930333,0.345672,0.290439,0.037208,0.770607,0.785791,0.10325,0.133392,0.267775,0.471861,0.141402,0.252123,0.977313,0.505221,0.281391,0.844629,0.681626,0.948094,0.685579,0.22037,0.70926,0.704379,0.283952,0.948094,Fibroblast
sample228,0.974451,0.881208,0.276401,0.983297,0.519447,0.957468,0.864142,0.9848,0.969294,0.92804,0.947297,0.988063,0.914949,0.969497,0.46666,0.969142,0.915536,0.95958,0.791904,0.904129,0.294763,0.980749,0.90577,0.87524,0.498631,0.874128,0.945863,0.980749,hiPS
sample229,0.973581,0.87755,0.260342,0.975726,0.612269,0.954896,0.863586,0.983293,0.966582,0.931362,0.938148,0.987983,0.920341,0.967345,0.510668,0.967192,0.885074,0.964155,0.787145,0.915591,0.262224,0.979264,0.906837,0.84638,0.309685,0.875013,0.940192,0.979264,hiPS
sample230,0.973155,0.892649,0.264088,0.948761,0.545643,0.95105,0.862209,0.984311,0.96759,0.939951,0.942582,0.987347,0.873933,0.972635,0.576646,0.962778,0.693384,0.92932,0.816675,0.915233,0.223924,0.979305,0.9177,0.906493,0.591006,0.878645,0.961624,0.979305,hiPS
sample231,0.974303,0.907887,0.257304,0.976815,0.513134,0.952073,0.89022,0.986487,0.970246,0.933418,0.944523,0.987953,0.89225,0.970044,0.571319,0.970448,0.826703,0.949639,0.805587,0.91601,0.255858,0.980287,0.909522,0.900946,0.614767,0.869943,0.941279,0.980287,hiPS
sample232,0.973199,0.883761,0.291821,0.974624,0.581749,0.968866,0.850801,0.985515,0.972135,0.935216,0.939975,0.987502,0.912691,0.97032,0.51397,0.9638,0.888899,0.957287,0.783994,0.895161,0.245954,0.979878,0.910907,0.847735,0.618019,0.869544,0.946296,0.979878,hiPS
sample233,0.971528,0.884867,0.239396,0.966744,0.439761,0.948744,0.827603,0.986955,0.965032,0.93487,0.94831,0.9885,0.84438,0.97271,0.468872,0.969891,0.756058,0.944749,0.812915,0.897013,0.250832,0.981655,0.919148,0.921621,0.607717,0.854638,0.962829,0.981655,hiPS
sample234,0.976343,0.862144,0.280701,0.967927,0.545619,0.9407,0.828491,0.985688,0.969091,0.941599,0.945686,0.986729,0.867429,0.978117,0.480467,0.967523,0.898404,0.941078,0.826744,0.902995,0.232126,0.98149,0.918266,0.869423,0.669326,0.846176,0.96536,0.98149,hiPS
sample235,0.97377,0.883801,0.278236,0.934467,0.56548,0.957023,0.883587,0.983317,0.97069,0.940998,0.938163,0.987204,0.914969,0.971294,0.55256,0.967095,0.855774,0.947806,0.789414,0.906273,0.207916,0.978423,0.909747,0.896023,0.2112,0.871725,0.960512,0.978423,hESC
sample236,0.969172,0.890345,0.226633,0.941563,0.540377,0.942124,0.893043,0.982622,0.969227,0.924107,0.936751,0.987476,0.908362,0.938114,0.561895,0.969503,0.831945,0.946479,0.817034,0.911043,0.19076,0.975762,0.900963,0.886873,0.189315,0.873295,0.959524,0.975762,hESC
sample307,0.897975,0.60135,0.37794,0.190488,0.865748,0.043364,0.835509,0.021604,0.828826,0.799587,0.309693,0.11956,0.356586,0.615849,0.35608,0.268388,0.943526,0.35436,0.231186,0.541446,0.444084,0.950283,0.639631,0.185081,0.812146,0.513181,0.43101,0.950283,Fibroblast
sample308,0.891568,0.332453,0.436268,0.216941,0.885984,0.022808,0.532326,0.00357,0.876382,0.822869,0.296056,0.05974,0.379632,0.630991,0.284512,0.23625,0.966582,0.321824,0.266868,0.54859,0.517103,0.949533,0.703789,0.136093,0.812813,0.545709,0.367459,0.949533,Fibroblast
sample309,0.900466,0.412793,0.445961,0.107433,0.896382,0.136342,0.484409,0.006939,0.822024,0.775084,0.338043,0.116352,0.334656,0.632996,0.278079,0.183932,0.963828,0.261775,0.206122,0.489445,0.597072,0.947658,0.617995,0.137644,0.792367,0.528326,0.381707,0.947658,Fibroblast
sample310,0.943108,0.542341,0.350474,0.273307,0.532762,0.130639,0.744525,0.710572,0.854066,0.761799,0.973665,0.565937,0.838231,0.436444,0.246781,0.927713,0.942685,0.909547,0.341043,0.78359,0.385852,0.966197,0.672406,0.733296,0.487278,0.654697,0.382614,0.966197,hESC
sample311,0.952343,0.704294,0.315906,0.3509,0.545591,0.455785,0.828314,0.710042,0.903796,0.806167,0.97738,0.894502,0.893091,0.587326,0.235563,0.94417,0.957013,0.906139,0.493739,0.854974,0.396439,0.971677,0.725695,0.83416,0.474281,0.668843,0.44007,0.971677,hESC
sample312,0.948186,0.595479,0.276844,0.374489,0.610999,0.418856,0.850818,0.702861,0.902131,0.760703,0.975498,0.91711,0.879951,0.592535,0.264432,0.949113,0.967751,0.9103,0.442744,0.82595,0.421318,0.971899,0.691662,0.79296,0.477865,0.666748,0.453207,0.971899,hESC
sample313,0.965681,0.816177,0.238152,0.869366,0.448193,0.954362,0.936322,0.9747,0.975283,0.929158,0.89528,0.992095,0.91943,0.977634,0.515575,0.983139,0.80193,0.955123,0.694705,0.862943,0.317304,0.978463,0.881258,0.853114,0.516654,0.757361,0.96856,0.978463,hESC
sample314,0.963877,0.82813,0.276146,0.876124,0.436722,0.954074,0.933708,0.973869,0.971354,0.929254,0.888336,0.992216,0.924341,0.979804,0.478767,0.983895,0.835335,0.961387,0.712065,0.873295,0.263119,0.979341,0.88066,0.863747,0.512264,0.77611,0.966661,0.979341,hESC
sample315,0.970514,0.823348,0.170603,0.878447,0.411427,0.944438,0.953898,0.973242,0.977726,0.924507,0.915017,0.990733,0.949436,0.983847,0.487522,0.983415,0.853142,0.953953,0.625134,0.877545,0.271499,0.980667,0.865683,0.855394,0.495925,0.789115,0.973067,0.980667,hESC
sample316,0.939423,0.649898,0.325519,0.658606,0.736722,0.619706,0.829538,0.841477,0.935555,0.82372,0.932167,0.968729,0.96136,0.78047,0.241777,0.968455,0.976894,0.820369,0.481126,0.731827,0.52923,0.971865,0.794804,0.743567,0.579316,0.672838,0.790127,0.971865,hiPS
sample317,0.958353,0.759178,0.240815,0.914805,0.711618,0.858073,0.82235,0.94062,0.9536,0.896723,0.947115,0.984923,0.943654,0.916153,0.394287,0.973112,0.972563,0.924894,0.561232,0.866569,0.507371,0.981538,0.856385,0.821752,0.557835,0.67069,0.951943,0.981538,hiPS
sample318,0.942446,0.742124,0.321374,0.371662,0.733922,0.194689,0.815192,0.690528,0.890844,0.840143,0.966054,0.88034,0.909524,0.440931,0.23656,0.920993,0.957683,0.905703,0.393477,0.910147,0.451939,0.970889,0.731691,0.821765,0.558275,0.624408,0.410011,0.970889,hiPS
sample319,0.962096,0.858768,0.274126,0.91852,0.603346,0.960127,0.90395,0.967548,0.973518,0.930532,0.859323,0.991123,0.893415,0.974284,0.569163,0.983761,0.764409,0.948352,0.697053,0.879525,0.285087,0.977435,0.899716,0.812175,0.637875,0.783197,0.958896,0.977435,hiPS
sample320,0.964953,0.856199,0.229634,0.946444,0.630122,0.955079,0.910534,0.969976,0.972349,0.921552,0.867025,0.989942,0.894061,0.980599,0.481372,0.98157,0.865209,0.947088,0.717985,0.884384,0.256141,0.978971,0.887594,0.825849,0.63398,0.775815,0.967512,0.978971,hiPS
sample321,0.964328,0.848022,0.270689,0.89436,0.63041,0.956161,0.919335,0.966659,0.972397,0.92315,0.894928,0.990508,0.916823,0.973479,0.556251,0.983453,0.82489,0.961251,0.732211,0.895875,0.303868,0.977698,0.882512,0.786619,0.647425,0.798892,0.958588,0.977698,hiPS
sample39,0.930789,0.927272,0.03587,0.917454,0.470975,0.959368,0.905429,0.993729,0.961334,0.871542,0.853072,0.995282,0.793104,0.975691,0.524856,0.986407,0.83175,0.961679,0.802426,0.793901,0.338935,0.97131,0.943461,0.966039,0.584892,0.813661,0.952461,0.97131,hESC
sample40,0.960085,0.9262,0.214915,0.964973,0.613097,0.920328,0.979471,0.988312,0.980198,0.926431,0.910046,0.994676,0.813048,0.98719,0.456926,0.981395,0.917142,0.927169,0.740926,0.844624,0.261985,0.984539,0.898225,0.934923,0.367718,0.83478,0.971389,0.984539,hESC
sample41,0.966365,0.893726,0.275456,0.966914,0.756906,0.92409,0.964872,0.985435,0.975575,0.921064,0.925332,0.994352,0.859915,0.980275,0.489827,0.978303,0.922392,0.942457,0.724422,0.85456,0.298458,0.984426,0.899778,0.927131,0.211339,0.832981,0.969323,0.984426,hESC
sample42,0.968681,0.890493,0.172738,0.977156,0.504842,0.917682,0.952844,0.985563,0.972549,0.916046,0.89402,0.993699,0.737144,0.979783,0.50176,0.97721,0.924838,0.949713,0.746251,0.824595,0.258576,0.986338,0.906629,0.929161,0.36359,0.774734,0.966819,0.986338,hESC
sample43,0.965358,0.862341,0.246849,0.978256,0.511719,0.90925,0.938241,0.988429,0.974936,0.925814,0.954925,0.993382,0.874139,0.985494,0.51742,0.979851,0.891135,0.953289,0.772997,0.896642,0.288676,0.985813,0.902057,0.935492,0.131985,0.801045,0.971498,0.985813,hESC
sample44,0.930789,0.927272,0.03587,0.917454,0.470975,0.959368,0.905429,0.993729,0.961334,0.871542,0.853072,0.995282,0.793104,0.975691,0.524856,0.986407,0.83175,0.961679,0.802426,0.793901,0.338935,0.97131,0.943461,0.966039,0.584892,0.813661,0.952461,0.97131,hESC
sample45,0.960085,0.9262,0.214915,0.964973,0.613097,0.920328,0.979471,0.988312,0.980198,0.926431,0.910046,0.994676,0.813048,0.98719,0.456926,0.981395,0.917142,0.927169,0.740926,0.844624,0.261985,0.984539,0.898225,0.934923,0.367718,0.83478,0.971389,0.984539,hESC
sample46,0.966365,0.893726,0.275456,0.966914,0.756906,0.92409,0.964872,0.985435,0.975575,0.921064,0.925332,0.994352,0.859915,0.980275,0.489827,0.978303,0.922392,0.942457,0.724422,0.85456,0.298458,0.984426,0.899778,0.927131,0.211339,0.832981,0.969323,0.984426,hESC
sample47,0.968681,0.890493,0.172738,0.977156,0.504842,0.917682,0.952844,0.985563,0.972549,0.916046,0.89402,0.993699,0.737144,0.979783,0.50176,0.97721,0.924838,0.949713,0.746251,0.824595,0.258576,0.986338,0.906629,0.929161,0.36359,0.774734,0.966819,0.986338,hESC
sample48,0.965358,0.862341,0.246849,0.978256,0.511719,0.90925,0.938241,0.988429,0.974936,0.925814,0.954925,0.993382,0.874139,0.985494,0.51742,0.979851,0.891135,0.953289,0.772997,0.896642,0.288676,0.985813,0.902057,0.935492,0.131985,0.801045,0.971498,0.985813,hESC
sample49,0.920116,0.221034,0.511334,0.484986,0.907806,0.13099,0.420939,0.098091,0.917206,0.8314,0.380174,0.167167,0.34226,0.713588,0.265268,0.252895,0.966901,0.373596,0.336394,0.522828,0.217703,0.968183,0.740573,0.20181,0.821323,0.526229,0.335699,0.968183,Fibroblast
sample50,0.962551,0.907121,0.321074,0.972545,0.675785,0.922021,0.931715,0.987077,0.978648,0.939071,0.940104,0.995213,0.844273,0.976092,0.484941,0.975482,0.885888,0.913811,0.741538,0.839269,0.213501,0.986496,0.91693,0.91938,0.708792,0.792836,0.969284,0.986496,hiPS
sample51,0.961738,0.911415,0.287097,0.98353,0.673663,0.903153,0.933612,0.98685,0.977104,0.934639,0.9352,0.994034,0.829092,0.977053,0.492462,0.972465,0.908396,0.935387,0.745674,0.826635,0.23644,0.986903,0.9194,0.922329,0.690447,0.81695,0.972061,0.986903,hiPS
sample52,0.96113,0.907087,0.29457,0.984163,0.671072,0.898279,0.937079,0.987161,0.976978,0.937875,0.937922,0.99411,0.827974,0.976059,0.487258,0.972913,0.906326,0.935725,0.74889,0.829037,0.25331,0.986368,0.920502,0.923288,0.698761,0.82186,0.971854,0.986368,hiPS
sample53,0.961767,0.908835,0.297199,0.981725,0.678721,0.899536,0.932104,0.987393,0.975238,0.940871,0.935578,0.994817,0.83739,0.975959,0.480224,0.973494,0.905857,0.930094,0.733499,0.833832,0.249215,0.988038,0.918075,0.919726,0.69456,0.784901,0.971505,0.988038,hiPS
sample54,0.955259,0.91648,0.292333,0.982296,0.663674,0.908195,0.935392,0.988923,0.973591,0.932095,0.937911,0.993899,0.826352,0.978044,0.474761,0.974598,0.882082,0.940346,0.748905,0.82836,0.228257,0.984783,0.925137,0.928676,0.718214,0.788173,0.97354,0.984783,hiPS
sample55,0.962123,0.906663,0.282046,0.982968,0.670744,0.906483,0.942013,0.987291,0.97732,0.936915,0.937339,0.994097,0.834667,0.974097,0.484695,0.971155,0.90482,0.932139,0.743506,0.832143,0.243294,0.986494,0.918964,0.914993,0.693997,0.787366,0.972724,0.986494,hiPS
sample56,0.9615,0.904491,0.276979,0.979474,0.661968,0.932013,0.934351,0.985101,0.978097,0.93206,0.939825,0.993621,0.825944,0.970628,0.481487,0.971041,0.917469,0.93483,0.743424,0.821314,0.2435,0.986024,0.918913,0.924395,0.704232,0.756546,0.970421,0.986024,hiPS
sample57,0.964889,0.901376,0.288226,0.979658,0.668905,0.914725,0.922335,0.984977,0.980142,0.941661,0.938972,0.994234,0.832338,0.969655,0.465222,0.969707,0.909811,0.928394,0.744239,0.830766,0.220095,0.987016,0.913833,0.920341,0.692178,0.755659,0.968977,0.987016,hiPS
sample58,0.962943,0.90985,0.290546,0.983677,0.695897,0.900217,0.940374,0.986366,0.978995,0.934081,0.941603,0.993976,0.843696,0.973921,0.473599,0.971639,0.91297,0.933801,0.735979,0.829281,0.25545,0.986791,0.917423,0.915466,0.685952,0.777074,0.971791,0.986791,hiPS
sample59,0.961784,0.908428,0.290285,0.98357,0.677026,0.911724,0.93855,0.987597,0.976219,0.937346,0.933381,0.996501,0.829322,0.973669,0.487569,0.973968,0.905016,0.938735,0.740402,0.823849,0.265545,0.987078,0.920887,0.915662,0.707324,0.772454,0.969849,0.987078,hiPS
sample60,0.920116,0.221034,0.511334,0.484986,0.907806,0.13099,0.420939,0.098091,0.917206,0.8314,0.380174,0.167167,0.34226,0.713588,0.265268,0.252895,0.966901,0.373596,0.336394,0.522828,0.217703,0.968183,0.740573,0.20181,0.821323,0.526229,0.335699,0.968183,Fibroblast
sample61,0.962943,0.90985,0.290546,0.983677,0.695897,0.900217,0.940374,0.986366,0.978995,0.934081,0.941603,0.993976,0.843696,0.973921,0.473599,0.971639,0.91297,0.933801,0.735979,0.829281,0.25545,0.986791,0.917423,0.915466,0.685952,0.777074,0.971791,0.986791,hiPS
sample62,0.966203,0.883822,0.306656,0.981482,0.693247,0.90253,0.940788,0.983862,0.979782,0.947611,0.944961,0.994127,0.867106,0.96657,0.497235,0.966937,0.913588,0.91373,0.730412,0.863311,0.266879,0.988417,0.90663,0.884637,0.663466,0.781418,0.969942,0.988417,hiPS
sample63,0.95934,0.901716,0.283024,0.97958,0.63775,0.916321,0.941983,0.985934,0.978316,0.93361,0.926952,0.994163,0.834522,0.969653,0.490086,0.973464,0.910883,0.927281,0.731907,0.842065,0.257827,0.986476,0.924748,0.918732,0.688778,0.783438,0.967861,0.986476,hiPS
sample64,0.962147,0.880635,0.261501,0.978813,0.670291,0.914196,0.976792,0.987517,0.980489,0.92361,0.935819,0.994722,0.852013,0.974035,0.485643,0.978914,0.917097,0.91375,0.731408,0.863178,0.254264,0.986312,0.918799,0.9175,0.708183,0.77725,0.971496,0.986312,hiPS
sample65,0.964677,0.872258,0.247573,0.977631,0.681216,0.914133,0.969237,0.98705,0.979101,0.928059,0.943876,0.9947,0.858834,0.975514,0.481694,0.979202,0.912445,0.922229,0.740348,0.866629,0.254177,0.985739,0.917343,0.912622,0.695412,0.79529,0.971714,0.985739,hiPS
sample66,0.96078,0.885165,0.211944,0.977982,0.671404,0.900859,0.959567,0.988157,0.978951,0.93048,0.93638,0.994235,0.807072,0.972877,0.49875,0.977269,0.913044,0.920644,0.768203,0.860479,0.3072,0.986466,0.911704,0.914835,0.713344,0.748531,0.972075,0.986466,hiPS
